suite,case_id,candidate_index,text,label_hallucinated,pred_hallucinated_locked,safe_to_emit_locked,pred_hallucinated_previous,locked_confusion_class,mbt5_shock,threshold,literal_score,reference_overlap,regulator_score,anchor_median,anchor_mad,max_unsupported_token_shock,protected_number,protected_unit,protected_entity,protected_literal_drift,overclaim_flag,content_clamp_flag,relation_polarity_clamp,relation_polarity_clamp_v10b,noncopular_relation_clamp,noncopular_relation_clamp_v13c,final_geometric_block,final_geometric_block_v14b,final_literal_block,negated_positive_support_clamp,reference_member_geometry_override,relation_supported_geometry_override,exact_reference_member,novel_numbers,novel_units,novel_entities,novel_content,clamp_summary,role_swapped_relation_clamp,known_participant_unsupported_relation_clamp,historical_date_relation_clamp,missed_predicate_relation_clamp,exp18_patch_clamp_on_exp16b,pred_hallucinated_exp19,safe_to_emit_exp19,hard_novelty_or_literal_support,guarded_known_participant_unsupported_relation_clamp,exp19b_guarded_patch_clamp,pred_hallucinated_exp19b,safe_to_emit_exp19b,changed_by_exp19b,prompt,expected_has_valid,pred_hallucinated_exp17,safe_to_emit_exp17,relation_clamp,geometry_override,num_relations_extracted,all_relations_supported,exp18_patch_clamp,pred_hallucinated_exp18,safe_to_emit_exp18
EXP16B_master_with_guarded_EXP18_patch,capital_italy_mixed,0,The capital of Italy is Milan.,1,1.0,0.0,1.0,TP_hallucination_blocked,0.3311451077461242,0.1260182466357946,2.0,2.0,0.6311451077461243,0.0739117264747619,0.0173688400536775,0.0,0,0,1,1,0,0,0.0,1.0,0.0,0.0,0,0.0,0,0,0.0,0,0,,,Milan,milan,copular_relation_clamp|entity_drift|protected_literal_drift,0,1,0,0,1.0,1.0,0.0,1,1,1,1,0,0,,,,,,,,,,,
EXP16B_master_with_guarded_EXP18_patch,capital_italy_mixed,1,The capital of Italy is Rome.,0,0.0,1.0,0.0,TN_valid_kept,0.015758391469717,0.1260182466357946,0.0,3.0,0.015758391469717,0.0739117264747619,0.0173688400536775,0.0,0,0,0,0,0,0,0.0,0.0,0.0,0.0,0,0.0,0,0,0.0,0,0,,,,,none,0,0,0,0,0.0,0.0,1.0,0,0,0,0,1,0,,,,,,,,,,,
EXP16B_master_with_guarded_EXP18_patch,capital_italy_mixed,2,Rome is Italy's capital city.,0,0.0,1.0,0.0,TN_valid_kept,0.0383808873593807,0.1260182466357946,0.0,4.0,0.0383808873593807,0.0739117264747619,0.0173688400536775,0.0,0,0,0,0,0,0,0.0,0.0,0.0,0.0,0,0.0,0,0,0.0,0,0,,,,,none,0,0,0,0,0.0,0.0,1.0,0,0,0,0,1,0,,,,,,,,,,,
EXP16B_master_with_guarded_EXP18_patch,capital_italy_mixed,3,The capital of Italy is Turin.,1,1.0,0.0,1.0,TP_hallucination_blocked,0.4600981175899505,0.1260182466357946,2.0,2.0,0.7600981175899506,0.0739117264747619,0.0173688400536775,0.0,0,0,1,1,0,0,0.0,1.0,0.0,0.0,0,0.0,0,0,0.0,0,0,,,Turin,turin,copular_relation_clamp|entity_drift|protected_literal_drift,0,1,0,0,1.0,1.0,0.0,1,1,1,1,0,0,,,,,,,,,,,
EXP16B_master_with_guarded_EXP18_patch,capital_italy_mixed,4,Italy's capital is Paris.,1,1.0,0.0,1.0,TP_hallucination_blocked,0.4274821877479553,0.1260182466357946,0.5,2.0,0.5024821877479553,0.0739117264747619,0.0173688400536775,0.0,0,0,0,0,0,0,0.0,0.0,0.0,0.0,0,0.0,0,0,0.0,0,0,,,,paris,none,0,0,0,0,0.0,1.0,0.0,1,0,0,1,0,0,,,,,,,,,,,
EXP16B_master_with_guarded_EXP18_patch,sun_classification_mixed,0,The Sun is a planet.,1,1.0,0.0,0.0,TP_hallucination_blocked,0.3138162791728973,0.5215609520673752,0.0,2.0,0.3138162791728973,0.4231876730918884,0.0327910929918289,0.0,0,0,0,0,0,0,0.0,1.0,0.0,0.0,0,0.0,0,0,0.0,0,0,,,,,copular_relation_clamp,0,1,0,0,1.0,1.0,0.0,0,0,0,1,0,0,,,,,,,,,,,
EXP16B_master_with_guarded_EXP18_patch,sun_classification_mixed,1,The Sun is a star.,0,0.0,1.0,0.0,TN_valid_kept,0.10981035977602,0.5215609520673752,0.0,2.0,0.10981035977602,0.4231876730918884,0.0327910929918289,0.0,0,0,0,0,0,0,0.0,0.0,0.0,0.0,0,0.0,0,0,0.0,0,0,,,,,none,0,0,0,0,0.0,0.0,1.0,0,0,0,0,1,0,,,,,,,,,,,
EXP16B_master_with_guarded_EXP18_patch,sun_classification_mixed,2,The Sun is the star at the center of the Solar System.,0,0.0,1.0,0.0,TN_valid_kept,0.2296066284179687,0.5215609520673752,0.0,5.0,0.2296066284179687,0.4231876730918884,0.0327910929918289,0.0,0,0,0,0,0,0,0.0,0.0,0.0,0.0,0,0.0,0,0,0.0,0,0,,,,,none,0,0,0,0,0.0,0.0,1.0,0,0,0,0,1,0,,,,,,,,,,,
EXP16B_master_with_guarded_EXP18_patch,sun_classification_mixed,3,The Sun is a galaxy.,1,1.0,0.0,0.0,TP_hallucination_blocked,0.4252818524837494,0.5215609520673752,0.5,1.0,0.5002818524837493,0.4231876730918884,0.0327910929918289,0.0,0,0,0,0,0,0,0.0,1.0,0.0,0.0,0,0.0,0,0,0.0,0,0,,,,galaxy,copular_relation_clamp,0,1,0,0,1.0,1.0,0.0,1,1,1,1,0,0,,,,,,,,,,,
EXP16B_master_with_guarded_EXP18_patch,sun_classification_mixed,4,The Sun is a black hole.,1,1.0,0.0,1.0,TP_hallucination_blocked,0.5819416642189026,0.5215609520673752,1.0,1.0,0.7319416642189026,0.4231876730918884,0.0327910929918289,0.045821726322174,0,0,0,0,0,1,0.0,1.0,0.0,0.0,0,0.0,0,0,0.0,0,0,,,,"black,hole",content_token_clamp|copular_relation_clamp,0,1,0,0,1.0,1.0,0.0,1,1,1,1,0,0,,,,,,,,,,,
EXP16B_master_with_guarded_EXP18_patch,mars_moons_mixed,0,"Mars has one moon, Phobos.",1,1.0,0.0,1.0,TP_hallucination_blocked,0.277057409286499,0.140945678576827,1.0,2.0,0.427057409286499,0.0847465991973877,0.0187330264598131,0.0,0,0,0,0,0,0,0.0,0.0,0.0,0.0,0,0.0,0,0,0.0,0,0,,,,"moon,one",none,0,1,0,0,1.0,1.0,0.0,1,1,1,1,0,0,,,,,,,,,,,
EXP16B_master_with_guarded_EXP18_patch,mars_moons_mixed,1,"Mars has two moons, Phobos and Deimos.",0,0.0,1.0,0.0,TN_valid_kept,0.0449438393115997,0.140945678576827,0.0,5.0,0.0449438393115997,0.0847465991973877,0.0187330264598131,0.0,0,0,0,0,0,0,0.0,0.0,0.0,0.0,0,0.0,0,0,0.0,0,0,,,,,none,0,0,0,0,0.0,0.0,1.0,0,0,0,0,1,0,,,,,,,,,,,
EXP16B_master_with_guarded_EXP18_patch,mars_moons_mixed,2,The moons of Mars are Phobos and Deimos.,0,0.0,1.0,0.0,TN_valid_kept,0.0510710217058658,0.140945678576827,0.0,4.0,0.0510710217058658,0.0847465991973877,0.0187330264598131,0.0,0,0,0,0,0,0,0.0,0.0,0.0,0.0,0,0.0,0,0,0.0,0,0,,,,,none,0,0,0,0,0.0,0.0,1.0,0,0,0,0,1,0,,,,,,,,,,,
EXP16B_master_with_guarded_EXP18_patch,mars_moons_mixed,3,Mars has three moons.,1,1.0,0.0,1.0,TP_hallucination_blocked,0.5258126258850098,0.140945678576827,0.5,2.0,0.6008126258850097,0.0847465991973877,0.0187330264598131,0.0,0,0,0,0,0,0,0.0,0.0,0.0,0.0,0,0.0,0,0,0.0,0,0,,,,three,none,0,1,0,0,1.0,1.0,0.0,1,1,1,1,0,0,,,,,,,,,,,
EXP16B_master_with_guarded_EXP18_patch,mars_moons_mixed,4,"Mars has two moons, Luna and Titan.",1,1.0,0.0,1.0,TP_hallucination_blocked,0.5943159461021423,0.140945678576827,4.0,3.0,1.1943159461021424,0.0847465991973877,0.0187330264598131,0.052310824394226,0,0,1,1,0,1,0.0,0.0,0.0,0.0,0,0.0,0,0,0.0,0,0,,,"Luna,Titan","luna,titan",content_token_clamp|entity_drift|protected_literal_drift,0,0,0,0,0.0,1.0,0.0,1,0,0,1,0,0,,,,,,,,,,,
EXP16B_master_with_guarded_EXP18_patch,gravity_quantum_mixed,0,Gravity is fully solved by modern physics.,1,1.0,0.0,1.0,TP_hallucination_blocked,0.4879266023635864,0.958626389503479,1.0,3.0,0.6379266023635864,0.7775291800498962,0.0603657364845275,0.0151875615119934,0,0,0,0,1,0,0.0,0.0,0.0,0.0,0,0.0,0,0,0.0,0,0,,,,"fully,solved",overclaim,0,0,0,0,0.0,1.0,0.0,1,0,0,1,0,0,,,,,,,,,,,
EXP16B_master_with_guarded_EXP18_patch,gravity_quantum_mixed,1,Gravity can be described by Newtonian attraction and by spacetime curvature in general relativity.,0,0.0,1.0,0.0,TN_valid_kept,0.402241438627243,0.958626389503479,0.5,6.0,0.477241438627243,0.7775291800498962,0.0603657364845275,0.0,0,0,0,0,0,0,0.0,0.0,0.0,0.0,0,0.0,0,0,0.0,0,0,,,,attraction,none,0,0,0,0,0.0,0.0,1.0,1,0,0,0,1,0,,,,,,,,,,,
EXP16B_master_with_guarded_EXP18_patch,gravity_quantum_mixed,2,"Modern physics has useful descriptions of gravity, but no complete established quantum theory.",0,0.0,1.0,0.0,TN_valid_kept,0.2395101934671402,0.958626389503479,0.0,9.0,0.2395101934671402,0.7775291800498962,0.0603657364845275,0.0,0,0,0,0,0,0,0.0,0.0,0.0,0.0,0,0.0,0,0,0.0,0,0,,,,,none,0,0,0,0,0.0,0.0,1.0,0,0,0,0,1,0,,,,,,,,,,,
EXP16B_master_with_guarded_EXP18_patch,gravity_quantum_mixed,3,Quantum gravity is complete and experimentally verified.,1,1.0,0.0,1.0,TP_hallucination_blocked,0.4272800385951996,0.958626389503479,0.0,5.0,0.4272800385951996,0.7775291800498962,0.0603657364845275,0.0,0,0,0,0,1,0,0.0,1.0,0.0,0.0,0,0.0,0,0,0.0,0,0,,,,,copular_relation_clamp|overclaim,0,0,0,0,0.0,1.0,0.0,1,0,0,1,0,0,,,,,,,,,,,
EXP16B_master_with_guarded_EXP18_patch,gravity_quantum_mixed,4,Gravity is caused by invisible magnetic fluid.,1,1.0,0.0,1.0,TP_hallucination_blocked,0.711924135684967,0.958626389503479,2.0,1.0,1.011924135684967,0.7775291800498962,0.0603657364845275,0.001822292804718,0,0,0,0,0,0,0.0,0.0,0.0,0.0,0,0.0,0,0,0.0,0,0,,,,"caused,fluid,invisible,magnetic",none,0,0,0,0,0.0,1.0,0.0,1,0,0,1,0,0,,,,,,,,,,,
EXP16B_master_with_guarded_EXP18_patch,eiffel_location_all_bad,0,The Eiffel Tower is in London.,1,1.0,0.0,1.0,TP_hallucination_blocked,0.3101436793804168,0.0875246850773692,2.0,2.0,0.6101436793804169,0.0438599735498428,0.0145549038425087,0.0,0,0,1,1,0,0,0.0,1.0,0.0,0.0,0,0.0,0,0,0.0,0,0,,,London,london,copular_relation_clamp|entity_drift|protected_literal_drift,0,1,0,0,1.0,1.0,0.0,1,1,1,1,0,0,,,,,,,,,,,
EXP16B_master_with_guarded_EXP18_patch,eiffel_location_all_bad,1,The Eiffel Tower is in Berlin.,1,1.0,0.0,1.0,TP_hallucination_blocked,0.4467198252677917,0.0875246850773692,2.0,2.0,0.7467198252677918,0.0438599735498428,0.0145549038425087,0.0,0,0,1,1,0,0,0.0,1.0,0.0,0.0,0,0.0,0,0,0.0,0,0,,,Berlin,berlin,copular_relation_clamp|entity_drift|protected_literal_drift,0,1,0,0,1.0,1.0,0.0,1,1,1,1,0,0,,,,,,,,,,,
EXP16B_master_with_guarded_EXP18_patch,eiffel_location_all_bad,2,The Eiffel Tower is in Rome.,1,1.0,0.0,1.0,TP_hallucination_blocked,0.3191029727458954,0.0875246850773692,2.0,2.0,0.6191029727458954,0.0438599735498428,0.0145549038425087,0.0,0,0,1,1,0,0,0.0,1.0,0.0,0.0,0,0.0,0,0,0.0,0,0,,,Rome,rome,copular_relation_clamp|entity_drift|protected_literal_drift,0,1,0,0,1.0,1.0,0.0,1,1,1,1,0,0,,,,,,,,,,,
EXP16B_master_with_guarded_EXP18_patch,eiffel_location_all_bad,3,The Eiffel Tower is in Madrid.,1,1.0,0.0,1.0,TP_hallucination_blocked,0.4503082036972046,0.0875246850773692,2.0,2.0,0.7503082036972046,0.0438599735498428,0.0145549038425087,0.1661590337753296,0,0,1,1,0,1,0.0,1.0,0.0,0.0,0,0.0,0,0,0.0,0,0,,,Madrid,madrid,content_token_clamp|copular_relation_clamp|entity_drift|protected_literal_drift,0,1,0,0,1.0,1.0,0.0,1,1,1,1,0,0,,,,,,,,,,,
EXP16B_master_with_guarded_EXP18_patch,human_body_temp_all_bad,0,Normal human body temperature is 100 degrees Celsius.,1,1.0,0.0,1.0,TP_hallucination_blocked,0.2192841321229934,0.2120460122823715,2.5,4.0,0.5942841321229935,0.1235996335744857,0.0294821262359619,0.0684773027896881,1,0,0,1,0,1,0.0,0.0,0.0,0.0,0,0.0,0,0,0.0,0,0,100.0,,,100,content_token_clamp|number_drift|protected_literal_drift,0,0,0,0,0.0,1.0,0.0,1,0,0,1,0,0,,,,,,,,,,,
EXP16B_master_with_guarded_EXP18_patch,human_body_temp_all_bad,1,Normal human body temperature is 0 degrees Celsius.,1,1.0,0.0,1.0,TP_hallucination_blocked,0.3478704988956451,0.2120460122823715,2.5,4.0,0.7228704988956451,0.1235996335744857,0.0294821262359619,0.1900049448013305,1,0,0,1,0,1,0.0,0.0,0.0,0.0,0,0.0,0,0,0.0,0,0,0.0,,,0,content_token_clamp|number_drift|protected_literal_drift,0,0,0,0,0.0,1.0,0.0,1,0,0,1,0,0,,,,,,,,,,,
EXP16B_master_with_guarded_EXP18_patch,human_body_temp_all_bad,2,Normal human body temperature is 37 degrees Fahrenheit.,1,1.0,0.0,1.0,TP_hallucination_blocked,0.0758658051490783,0.2120460122823715,3.0,5.0,0.5258658051490783,0.1235996335744857,0.0294821262359619,0.0,0,1,1,1,0,0,0.0,0.0,0.0,0.0,0,0.0,0,0,0.0,0,0,,fahrenheit,Fahrenheit,,entity_drift|protected_literal_drift|unit_drift,0,0,0,0,0.0,1.0,0.0,1,0,0,1,0,0,,,,,,,,,,,
EXP16B_master_with_guarded_EXP18_patch,human_body_temp_all_bad,3,Normal human body temperature is 200 degrees Celsius.,1,1.0,0.0,1.0,TP_hallucination_blocked,0.2443611025810241,0.2120460122823715,2.5,4.0,0.6193611025810242,0.1235996335744857,0.0294821262359619,0.0945284068584442,1,0,0,1,0,1,0.0,0.0,0.0,0.0,0,0.0,0,0,0.0,0,0,200.0,,,200,content_token_clamp|number_drift|protected_literal_drift,0,0,0,0,0.0,1.0,0.0,1,0,0,1,0,0,,,,,,,,,,,
EXP16B_master_with_guarded_EXP18_patch,photosynthesis_all_bad,0,Photosynthesis turns moonlight directly into metal.,1,1.0,0.0,1.0,TP_hallucination_blocked,0.7479566335678101,0.4037086293101311,2.0,2.0,1.04795663356781,0.2521755993366241,0.0505110099911689,0.0600799322128295,0,0,0,0,0,1,0.0,0.0,0.0,0.0,0,0.0,0,0,0.0,0,0,,,,"directly,metal,moonlight,turns",content_token_clamp,0,1,0,0,1.0,1.0,0.0,1,1,1,1,0,0,,,,,,,,,,,
EXP16B_master_with_guarded_EXP18_patch,photosynthesis_all_bad,1,Photosynthesis converts oxygen into plastic and electricity.,1,1.0,0.0,1.0,TP_hallucination_blocked,0.3762761354446411,0.4037086293101311,1.0,4.0,0.5262761354446411,0.2521755993366241,0.0505110099911689,0.0981965661048889,0,0,0,0,0,1,0.0,0.0,0.0,0.0,0,0.0,0,0,0.0,0,0,,,,"electricity,plastic",content_token_clamp,0,1,0,0,1.0,1.0,0.0,1,1,1,1,0,0,,,,,,,,,,,
EXP16B_master_with_guarded_EXP18_patch,photosynthesis_all_bad,2,Photosynthesis is how plants eat soil directly.,1,1.0,0.0,1.0,TP_hallucination_blocked,0.6635478138923645,0.4037086293101311,2.0,2.0,0.9635478138923644,0.2521755993366241,0.0505110099911689,0.1094659566879272,0,0,0,0,0,1,0.0,0.0,0.0,0.0,0,0.0,0,0,0.0,0,0,,,,"directly,eat,how,soil",content_token_clamp,0,0,0,0,0.0,1.0,0.0,1,0,0,1,0,0,,,,,,,,,,,
EXP16B_master_with_guarded_EXP18_patch,photosynthesis_all_bad,3,Photosynthesis turns carbon dioxide into gold.,1,1.0,0.0,1.0,TP_hallucination_blocked,0.640388011932373,0.4037086293101311,1.0,4.0,0.7903880119323731,0.2521755993366241,0.0505110099911689,0.1629652380943298,0,0,0,0,0,1,0.0,0.0,0.0,0.0,0,0.0,0,0,0.0,0,0,,,,"gold,turns",content_token_clamp,0,1,0,0,1.0,1.0,0.0,1,1,1,1,0,0,,,,,,,,,,,
EXP16B_master_with_guarded_EXP18_patch,valid_science_paraphrases,0,Scientific models describe observations and can be useful without being final truth.,0,0.0,1.0,0.0,TN_valid_kept,0.1749086827039718,1.083843231201172,0.0,8.0,0.1749086827039718,0.6137987971305847,0.156681478023529,0.0,0,0,0,0,0,0,0.0,0.0,0.0,0.0,0,0.0,0,0,0.0,0,0,,,,,none,0,0,0,0,0.0,0.0,1.0,0,0,0,0,1,0,,,,,,,,,,,
EXP16B_master_with_guarded_EXP18_patch,valid_science_paraphrases,1,A model can fit evidence while still being incomplete.,0,0.0,1.0,0.0,TN_valid_kept,0.440259724855423,1.083843231201172,0.5,4.0,0.5152597248554229,0.6137987971305847,0.156681478023529,0.0277110934257507,0,0,0,0,0,0,0.0,0.0,0.0,0.0,0,0.0,0,0,0.0,0,0,,,,fit,none,0,0,0,0,0.0,0.0,1.0,1,0,0,0,1,0,,,,,,,,,,,
EXP16B_master_with_guarded_EXP18_patch,valid_science_paraphrases,2,Scientific descriptions are tested against measurements and predictions.,0,0.0,1.0,0.0,TN_valid_kept,0.4844606220722198,1.083843231201172,0.0,6.0,0.4844606220722198,0.6137987971305847,0.156681478023529,0.0,0,0,0,0,0,0,0.0,0.0,0.0,0.0,0,0.0,0,0,0.0,0,0,,,,,none,0,0,0,0,0.0,0.0,1.0,0,0,0,0,1,0,,,,,,,,,,,
EXP16B_master_with_guarded_EXP18_patch,valid_science_paraphrases,3,A successful model is automatically the final truth of reality.,1,1.0,0.0,1.0,TP_hallucination_blocked,0.6159222722053528,1.083843231201172,0.0,6.0,0.6159222722053528,0.6137987971305847,0.156681478023529,0.0,0,0,0,0,1,0,0.0,1.0,0.0,0.0,0,0.0,0,0,0.0,0,0,,,,,copular_relation_clamp|overclaim,0,0,0,0,0.0,1.0,0.0,1,0,0,1,0,0,,,,,,,,,,,
EXP16B_master_with_guarded_EXP18_patch,valid_science_paraphrases,4,Scientific models are never tested against observations.,1,1.0,0.0,1.0,TP_hallucination_blocked,0.7632074952125549,1.083843231201172,0.5,5.0,0.8382074952125549,0.6137987971305847,0.156681478023529,0.1924583911895752,0,0,0,0,0,1,0.0,0.0,0.0,0.0,0,0.0,0,0,0.0,0,0,,,,never,content_token_clamp,0,0,0,0,0.0,1.0,0.0,1,0,0,1,0,0,,,,,,,,,,,
EXP16B_master_with_guarded_EXP18_patch,earth_shape_mixed,0,Earth is perfectly flat.,1,1.0,0.0,1.0,TP_hallucination_blocked,0.5572154521942139,0.8761832118034363,1.0,1.0,0.7072154521942139,0.5415163040161133,0.1115556359291076,0.0,0,0,0,0,0,0,0.0,1.0,0.0,0.0,0,0.0,0,0,0.0,0,0,,,,"flat,perfectly",copular_relation_clamp,0,1,0,0,1.0,1.0,0.0,1,1,1,1,0,0,,,,,,,,,,,
EXP16B_master_with_guarded_EXP18_patch,earth_shape_mixed,1,Earth is approximately an oblate spheroid.,0,0.0,1.0,0.0,TN_valid_kept,0.1051608175039291,0.8761832118034363,0.0,3.0,0.1051608175039291,0.5415163040161133,0.1115556359291076,0.0,0,0,0,0,0,0,0.0,0.0,0.0,0.0,0,0.0,0,0,0.0,0,0,,,,,none,0,0,0,0,0.0,0.0,1.0,0,0,0,0,1,0,,,,,,,,,,,
EXP16B_master_with_guarded_EXP18_patch,earth_shape_mixed,2,Earth is roughly spherical and slightly flattened at the poles.,0,0.0,1.0,0.0,TN_valid_kept,0.3887318074703216,0.8761832118034363,0.0,5.0,0.3887318074703216,0.5415163040161133,0.1115556359291076,0.0,0,0,0,0,0,0,0.0,0.0,0.0,0.0,0,0.0,0,0,0.0,0,0,,,,,none,0,1,0,0,1.0,1.0,0.0,0,0,0,0,1,0,,,,,,,,,,,
EXP16B_master_with_guarded_EXP18_patch,earth_shape_mixed,3,Earth is a perfect cube.,1,1.0,0.0,0.0,TP_hallucination_blocked,0.6852445006370544,0.8761832118034363,0.5,2.0,0.7602445006370544,0.5415163040161133,0.1115556359291076,0.0,0,0,0,0,0,0,0.0,1.0,0.0,0.0,0,0.0,0,0,0.0,0,0,,,,cube,copular_relation_clamp,0,1,0,0,1.0,1.0,0.0,1,1,1,1,0,0,,,,,,,,,,,
EXP16B_master_with_guarded_EXP18_patch,earth_shape_mixed,4,Earth is a hollow artificial shell.,1,1.0,0.0,1.0,TP_hallucination_blocked,0.726864755153656,0.8761832118034363,1.5,1.0,0.951864755153656,0.5415163040161133,0.1115556359291076,0.0218356847763061,0,0,0,0,0,0,0.0,1.0,0.0,0.0,0,0.0,0,0,0.0,0,0,,,,"artificial,hollow,shell",copular_relation_clamp,0,0,0,0,0.0,1.0,0.0,1,0,0,1,0,0,,,,,,,,,,,
EXP16B_master_with_guarded_EXP18_patch,dna_location_all_bad,0,"In human cells, DNA is mainly found in the stomach.",1,1.0,0.0,1.0,TP_hallucination_blocked,0.3285442888736725,0.2846048921346664,0.5,4.0,0.4035442888736725,0.1830958425998687,0.0338363498449325,0.124043583869934,0,0,0,0,0,1,0.0,0.0,0.0,0.0,0,0.0,0,0,0.0,0,0,,,,stomach,content_token_clamp,0,0,0,0,0.0,1.0,0.0,1,0,0,1,0,0,,,,,,,,,,,
EXP16B_master_with_guarded_EXP18_patch,dna_location_all_bad,1,"In human cells, DNA is mainly found in the lungs.",1,1.0,0.0,1.0,TP_hallucination_blocked,0.3497321307659149,0.2846048921346664,0.5,4.0,0.4247321307659149,0.1830958425998687,0.0338363498449325,0.1422373056411743,0,0,0,0,0,1,0.0,0.0,0.0,0.0,0,0.0,0,0,0.0,0,0,,,,lungs,content_token_clamp,0,0,0,0,0.0,1.0,0.0,1,0,0,1,0,0,,,,,,,,,,,
EXP16B_master_with_guarded_EXP18_patch,dna_location_all_bad,2,"In human cells, DNA is mainly found in the keyboard.",1,1.0,0.0,1.0,TP_hallucination_blocked,0.3994739949703216,0.2846048921346664,0.5,4.0,0.4744739949703216,0.1830958425998687,0.0338363498449325,0.1828953027725219,0,0,0,0,0,1,0.0,0.0,0.0,0.0,0,0.0,0,0,0.0,0,0,,,,keyboard,content_token_clamp,0,0,0,0,0.0,1.0,0.0,1,0,0,1,0,0,,,,,,,,,,,
EXP16B_master_with_guarded_EXP18_patch,dna_location_all_bad,3,Human DNA is mainly stored in blood plasma outside cells.,1,1.0,0.0,1.0,TP_hallucination_blocked,0.5344432592391968,0.2846048921346664,2.0,3.0,0.8344432592391968,0.1830958425998687,0.0338363498449325,0.0449351072311401,0,0,0,0,0,1,0.0,0.0,0.0,0.0,0,0.0,0,0,0.0,0,0,,,,"blood,outside,plasma,stored",content_token_clamp,0,1,0,0,1.0,1.0,0.0,1,1,1,1,0,0,,,,,,,,,,,
EXP16B_master_with_guarded_EXP18_patch,sun_classification_all_bad_exp07_fn,0,The Sun is a planet.,1,1.0,0.0,0.0,TP_hallucination_blocked,0.3138162791728973,0.5215609520673752,0.0,2.0,0.3138162791728973,0.4231876730918884,0.0327910929918289,0.0,0,0,0,0,0,0,0.0,1.0,0.0,0.0,0,0.0,0,0,0.0,0,0,,,,,copular_relation_clamp,0,1,0,0,1.0,1.0,0.0,0,0,0,1,0,0,,,,,,,,,,,
EXP16B_master_with_guarded_EXP18_patch,sun_classification_all_bad_exp07_fn,1,The Sun is a galaxy.,1,1.0,0.0,0.0,TP_hallucination_blocked,0.4252818524837494,0.5215609520673752,0.5,1.0,0.5002818524837493,0.4231876730918884,0.0327910929918289,0.0,0,0,0,0,0,0,0.0,1.0,0.0,0.0,0,0.0,0,0,0.0,0,0,,,,galaxy,copular_relation_clamp,0,1,0,0,1.0,1.0,0.0,1,1,1,1,0,0,,,,,,,,,,,
EXP16B_master_with_guarded_EXP18_patch,sun_classification_all_bad_exp07_fn,2,The Sun is an asteroid.,1,1.0,0.0,1.0,TP_hallucination_blocked,0.5316047668457031,0.5215609520673752,0.5,1.0,0.6066047668457031,0.4231876730918884,0.0327910929918289,0.1109248399734497,0,0,0,0,0,1,0.0,1.0,0.0,0.0,0,0.0,0,0,0.0,0,0,,,,asteroid,content_token_clamp|copular_relation_clamp,0,0,0,0,0.0,1.0,0.0,1,0,0,1,0,0,,,,,,,,,,,
EXP16B_master_with_guarded_EXP18_patch,sun_classification_all_bad_exp07_fn,3,The Sun is a comet.,1,1.0,0.0,1.0,TP_hallucination_blocked,0.5683882236480713,0.5215609520673752,0.5,1.0,0.6433882236480712,0.4231876730918884,0.0327910929918289,0.1317157745361328,0,0,0,0,0,1,0.0,1.0,0.0,0.0,0,0.0,0,0,0.0,0,0,,,,comet,content_token_clamp|copular_relation_clamp,0,0,0,0,0.0,1.0,0.0,1,0,0,1,0,0,,,,,,,,,,,
EXP16B_master_with_guarded_EXP18_patch,sun_classification_all_bad_exp07_fn,4,The Sun is a moon.,1,1.0,0.0,1.0,TP_hallucination_blocked,0.558533251285553,0.5215609520673752,0.5,1.0,0.6335332512855529,0.4231876730918884,0.0327910929918289,0.0,0,0,0,0,0,0,0.0,1.0,0.0,0.0,0,0.0,0,0,0.0,0,0,,,,moon,copular_relation_clamp,0,0,0,0,0.0,1.0,0.0,1,0,0,1,0,0,,,,,,,,,,,
EXP16B_master_with_guarded_EXP18_patch,earth_shape_all_bad_exp07_fn,0,Earth is a perfect cube.,1,1.0,0.0,0.0,TP_hallucination_blocked,0.6852445006370544,0.8761832118034363,0.5,2.0,0.7602445006370544,0.5415163040161133,0.1115556359291076,0.0,0,0,0,0,0,0,0.0,1.0,0.0,0.0,0,0.0,0,0,0.0,0,0,,,,cube,copular_relation_clamp,0,1,0,0,1.0,1.0,0.0,1,1,1,1,0,0,,,,,,,,,,,
EXP16B_master_with_guarded_EXP18_patch,earth_shape_all_bad_exp07_fn,1,Earth is a flat disk.,1,1.0,0.0,1.0,TP_hallucination_blocked,0.6031445860862732,0.8761832118034363,1.0,1.0,0.7531445860862732,0.5415163040161133,0.1115556359291076,0.0193491578102111,0,0,0,0,0,0,0.0,1.0,0.0,0.0,0,0.0,0,0,0.0,0,0,,,,"disk,flat",copular_relation_clamp,0,1,0,0,1.0,1.0,0.0,1,1,1,1,0,0,,,,,,,,,,,
EXP16B_master_with_guarded_EXP18_patch,earth_shape_all_bad_exp07_fn,2,Earth is a hollow artificial shell.,1,1.0,0.0,1.0,TP_hallucination_blocked,0.726864755153656,0.8761832118034363,1.5,1.0,0.951864755153656,0.5415163040161133,0.1115556359291076,0.0218356847763061,0,0,0,0,0,0,0.0,1.0,0.0,0.0,0,0.0,0,0,0.0,0,0,,,,"artificial,hollow,shell",copular_relation_clamp,0,0,0,0,0.0,1.0,0.0,1,0,0,1,0,0,,,,,,,,,,,
EXP16B_master_with_guarded_EXP18_patch,earth_shape_all_bad_exp07_fn,3,Earth is a pyramid.,1,1.0,0.0,1.0,TP_hallucination_blocked,0.8762618899345398,0.8761832118034363,0.5,1.0,0.9512618899345398,0.5415163040161133,0.1115556359291076,0.0295610427856445,0,0,0,0,0,0,0.0,1.0,0.0,0.0,0,0.0,0,0,0.0,0,0,,,,pyramid,copular_relation_clamp,0,1,0,0,1.0,1.0,0.0,1,1,1,1,0,0,,,,,,,,,,,
EXP16B_master_with_guarded_EXP18_patch,earth_shape_all_bad_exp07_fn,4,Earth is a perfect cylinder.,1,1.0,0.0,0.0,TP_hallucination_blocked,0.6845223307609558,0.8761832118034363,0.5,2.0,0.7595223307609558,0.5415163040161133,0.1115556359291076,0.0,0,0,0,0,0,0,0.0,1.0,0.0,0.0,0,0.0,0,0,0.0,0,0,,,,cylinder,copular_relation_clamp,0,1,0,0,1.0,1.0,0.0,1,1,1,1,0,0,,,,,,,,,,,
EXP16B_master_with_guarded_EXP18_patch,negation_polarity_all_bad,0,The Sun is a planet.,1,1.0,0.0,0.0,TP_hallucination_blocked,0.6795048713684082,1.0123467445373535,0.0,2.0,0.6795048713684082,0.9823228120803832,0.0100079774856567,0.0,0,0,0,0,0,0,0.0,1.0,0.0,0.0,0,0.0,0,0,0.0,0,0,,,,,copular_relation_clamp,0,0,0,0,0.0,1.0,0.0,0,0,0,1,0,0,,,,,,,,,,,
EXP16B_master_with_guarded_EXP18_patch,negation_polarity_all_bad,1,Earth is flat.,1,1.0,0.0,0.0,TP_hallucination_blocked,0.6474887132644653,1.0123467445373535,0.0,2.0,0.6474887132644653,0.9823228120803832,0.0100079774856567,0.0,0,0,0,0,0,0,0.0,1.0,0.0,0.0,0,0.0,0,0,0.0,0,0,,,,,copular_relation_clamp,0,0,0,0,0.0,1.0,0.0,0,0,0,1,0,0,,,,,,,,,,,
EXP16B_master_with_guarded_EXP18_patch,negation_polarity_all_bad,2,A complete quantum theory of gravity is established.,1,1.0,0.0,1.0,TP_hallucination_blocked,0.7136502861976624,1.0123467445373535,0.0,5.0,0.7136502861976624,0.9823228120803832,0.0100079774856567,0.0,0,0,0,0,1,0,0.0,1.0,0.0,0.0,0,0.0,0,0,0.0,0,0,,,,,copular_relation_clamp|overclaim,0,0,0,0,0.0,1.0,0.0,1,0,0,1,0,0,,,,,,,,,,,
EXP16B_master_with_guarded_EXP18_patch,negation_polarity_all_bad,3,Scientific models are automatically final truth.,1,1.0,0.0,1.0,TP_hallucination_blocked,0.6332467198371887,1.0123467445373535,0.0,5.0,0.6332467198371887,0.9823228120803832,0.0100079774856567,0.0,0,0,0,0,1,0,0.0,1.0,0.0,0.0,0,0.0,0,0,0.0,0,0,,,,,copular_relation_clamp|overclaim,0,0,0,0,0.0,1.0,0.0,1,0,0,1,0,0,,,,,,,,,,,
EXP16B_master_with_guarded_EXP18_patch,category_substitution_all_bad,0,A dog is a bird.,1,1.0,0.0,0.0,TP_hallucination_blocked,0.5435255765914917,1.3165481388568878,0.0,2.0,0.5435255765914917,0.9677984714508056,0.1162498891353607,0.0,0,0,0,0,0,0,0.0,1.0,0.0,0.0,0,0.0,0,0,0.0,0,0,,,,,copular_relation_clamp,0,0,0,0,0.0,1.0,0.0,0,0,0,1,0,0,,,,,,,,,,,
EXP16B_master_with_guarded_EXP18_patch,category_substitution_all_bad,1,A whale is a fish.,1,1.0,0.0,0.0,TP_hallucination_blocked,0.4349777698516845,1.3165481388568878,0.0,2.0,0.4349777698516845,0.9677984714508056,0.1162498891353607,0.0,0,0,0,0,0,0,0.0,1.0,0.0,0.0,0,0.0,0,0,0.0,0,0,,,,,copular_relation_clamp,0,0,0,0,0.0,1.0,0.0,0,0,0,1,0,0,,,,,,,,,,,
EXP16B_master_with_guarded_EXP18_patch,category_substitution_all_bad,2,An eagle is a mammal.,1,1.0,0.0,0.0,TP_hallucination_blocked,0.5091170072555542,1.3165481388568878,0.0,2.0,0.5091170072555542,0.9677984714508056,0.1162498891353607,0.0,0,0,0,0,0,0,0.0,1.0,0.0,0.0,0,0.0,0,0,0.0,0,0,,,,,copular_relation_clamp,0,0,0,0,0.0,1.0,0.0,0,0,0,1,0,0,,,,,,,,,,,
EXP16B_master_with_guarded_EXP18_patch,category_substitution_all_bad,3,A salmon is a bird.,1,1.0,0.0,0.0,TP_hallucination_blocked,0.5077462792396545,1.3165481388568878,0.0,2.0,0.5077462792396545,0.9677984714508056,0.1162498891353607,0.0,0,0,0,0,0,0,0.0,1.0,0.0,0.0,0,0.0,0,0,0.0,0,0,,,,,copular_relation_clamp,0,0,0,0,0.0,1.0,0.0,0,0,0,1,0,0,,,,,,,,,,,
EXP16B_master_with_guarded_EXP18_patch,mixed_control_sun_earth,0,The Sun is a planet.,1,1.0,0.0,0.0,TP_hallucination_blocked,0.299621045589447,1.2071696817874908,0.0,2.0,0.299621045589447,0.9341555833816528,0.0910046994686126,0.0,0,0,0,0,0,0,0.0,1.0,0.0,0.0,0,0.0,0,0,0.0,0,0,,,,,copular_relation_clamp,0,1,0,0,1.0,1.0,0.0,0,0,0,1,0,0,,,,,,,,,,,
EXP16B_master_with_guarded_EXP18_patch,mixed_control_sun_earth,1,The Sun is a star.,0,0.0,1.0,0.0,TN_valid_kept,0.3686389625072479,1.2071696817874908,0.0,2.0,0.3686389625072479,0.9341555833816528,0.0910046994686126,0.0,0,0,0,0,0,0,0.0,0.0,0.0,0.0,0,0.0,0,0,0.0,0,0,,,,,none,0,0,0,0,0.0,0.0,1.0,0,0,0,0,1,0,,,,,,,,,,,
EXP16B_master_with_guarded_EXP18_patch,mixed_control_sun_earth,2,Earth is approximately an oblate spheroid.,0,0.0,1.0,0.0,TN_valid_kept,0.5764569044113159,1.2071696817874908,0.0,3.0,0.5764569044113159,0.9341555833816528,0.0910046994686126,0.0,0,0,0,0,0,0,0.0,0.0,0.0,0.0,0,0.0,0,0,0.0,0,0,,,,,none,0,0,0,0,0.0,0.0,1.0,0,0,0,0,1,0,,,,,,,,,,,
EXP16B_master_with_guarded_EXP18_patch,mixed_control_sun_earth,3,Earth is a perfect cube.,1,1.0,0.0,1.0,TP_hallucination_blocked,0.738132894039154,1.2071696817874908,1.0,1.0,0.8881328940391541,0.9341555833816528,0.0910046994686126,0.0463745594024658,0,0,0,0,0,1,0.0,1.0,0.0,0.0,0,0.0,0,0,0.0,0,0,,,,"cube,perfect",content_token_clamp|copular_relation_clamp,0,1,0,0,1.0,1.0,0.0,1,1,1,1,0,0,,,,,,,,,,,
EXP16B_master_with_guarded_EXP18_patch,mixed_control_sun_earth,4,Earth is flat.,1,1.0,0.0,0.0,TP_hallucination_blocked,0.5650966763496399,1.2071696817874908,0.0,2.0,0.5650966763496399,0.9341555833816528,0.0910046994686126,0.0,0,0,0,0,0,0,0.0,1.0,0.0,0.0,0,0.0,0,0,0.0,0,0,,,,,copular_relation_clamp,0,1,0,0,1.0,1.0,0.0,0,0,0,1,0,0,,,,,,,,,,,
EXP16B_master_with_guarded_EXP18_patch,orbit_relation_mixed,0,Earth orbits the Moon.,1,1.0,0.0,0.0,TP_hallucination_blocked,0.1658195704221725,0.7127331048250198,0.0,3.0,0.1658195704221725,0.4905523657798767,0.074060246348381,0.0,0,0,0,0,0,0,0.0,0.0,0.0,1.0,0,0.0,0,0,0.0,0,0,,,,,noncopular_relation_clamp,1,1,0,0,1.0,1.0,0.0,0,0,1,1,0,0,,,,,,,,,,,
EXP16B_master_with_guarded_EXP18_patch,orbit_relation_mixed,1,Earth orbits the Sun.,0,0.0,1.0,0.0,TN_valid_kept,0.1184820383787155,0.7127331048250198,0.0,3.0,0.1184820383787155,0.4905523657798767,0.074060246348381,0.0,0,0,0,0,0,0,0.0,0.0,0.0,0.0,0,0.0,0,0,0.0,0,0,,,,,none,0,0,0,0,0.0,0.0,1.0,0,0,0,0,1,0,,,,,,,,,,,
EXP16B_master_with_guarded_EXP18_patch,orbit_relation_mixed,2,The Moon orbits Earth.,0,0.0,1.0,0.0,TN_valid_kept,0.1980994343757629,0.7127331048250198,0.0,3.0,0.1980994343757629,0.4905523657798767,0.074060246348381,0.0,0,0,0,0,0,0,0.0,0.0,0.0,0.0,0,0.0,0,0,0.0,0,0,,,,,none,0,0,0,0,0.0,0.0,1.0,0,0,0,0,1,0,,,,,,,,,,,
EXP16B_master_with_guarded_EXP18_patch,orbit_relation_mixed,3,The Sun orbits Earth.,1,1.0,0.0,0.0,TP_hallucination_blocked,0.1602308005094528,0.7127331048250198,0.0,3.0,0.1602308005094528,0.4905523657798767,0.074060246348381,0.0,0,0,0,0,0,0,0.0,0.0,0.0,1.0,0,0.0,0,0,0.0,0,0,,,,,noncopular_relation_clamp,1,1,0,0,1.0,1.0,0.0,0,0,1,1,0,0,,,,,,,,,,,
EXP16B_master_with_guarded_EXP18_patch,orbit_relation_mixed,4,Earth orbits Mars.,1,1.0,0.0,0.0,TP_hallucination_blocked,0.5314529538154602,0.7127331048250198,0.5,2.0,0.6064529538154602,0.4905523657798767,0.074060246348381,0.0,0,0,0,0,0,0,0.0,0.0,0.0,1.0,0,0.0,0,0,0.0,0,0,,,,mars,noncopular_relation_clamp,0,1,0,0,1.0,1.0,0.0,1,1,1,1,0,0,,,,,,,,,,,
EXP16B_master_with_guarded_EXP18_patch,orbit_relation_all_bad,0,Earth orbits the Moon.,1,1.0,0.0,0.0,TP_hallucination_blocked,0.2688793540000915,0.7869213074445724,0.0,3.0,0.2688793540000915,0.5199111104011536,0.0890033990144729,0.0,0,0,0,0,0,0,0.0,0.0,0.0,1.0,0,0.0,0,0,0.0,0,0,,,,,noncopular_relation_clamp,1,1,0,0,1.0,1.0,0.0,0,0,1,1,0,0,,,,,,,,,,,
EXP16B_master_with_guarded_EXP18_patch,orbit_relation_all_bad,1,The Sun orbits Earth.,1,1.0,0.0,0.0,TP_hallucination_blocked,0.2350172400474548,0.7869213074445724,0.0,3.0,0.2350172400474548,0.5199111104011536,0.0890033990144729,0.0,0,0,0,0,0,0,0.0,0.0,0.0,1.0,0,0.0,0,0,0.0,0,0,,,,,noncopular_relation_clamp,1,1,0,0,1.0,1.0,0.0,0,0,1,1,0,0,,,,,,,,,,,
EXP16B_master_with_guarded_EXP18_patch,orbit_relation_all_bad,2,Mars orbits Phobos.,1,1.0,0.0,0.0,TP_hallucination_blocked,0.5055621266365051,0.7869213074445724,0.0,3.0,0.5055621266365051,0.5199111104011536,0.0890033990144729,0.0,0,0,0,0,0,0,0.0,0.0,0.0,1.0,0,0.0,0,0,0.0,0,0,,,,,noncopular_relation_clamp,0,0,0,0,0.0,1.0,0.0,0,0,0,1,0,0,,,,,,,,,,,
EXP16B_master_with_guarded_EXP18_patch,orbit_relation_all_bad,3,The Moon orbits the Sun.,1,1.0,0.0,0.0,TP_hallucination_blocked,0.3203023374080658,0.7869213074445724,0.0,3.0,0.3203023374080658,0.5199111104011536,0.0890033990144729,0.0,0,0,0,0,0,0,0.0,0.0,0.0,1.0,0,0.0,0,0,0.0,0,0,,,,,noncopular_relation_clamp,0,1,0,0,1.0,1.0,0.0,0,0,0,1,0,0,,,,,,,,,,,
EXP16B_master_with_guarded_EXP18_patch,orbit_relation_all_bad,4,Phobos orbits Earth.,1,1.0,0.0,0.0,TP_hallucination_blocked,0.5833215713500977,0.7869213074445724,0.0,3.0,0.5833215713500977,0.5199111104011536,0.0890033990144729,0.0,0,0,0,0,0,0,0.0,0.0,0.0,1.0,0,0.0,0,0,0.0,0,0,,,,,noncopular_relation_clamp,0,1,0,0,1.0,1.0,0.0,0,0,0,1,0,0,,,,,,,,,,,
EXP16B_master_with_guarded_EXP18_patch,conversion_direction_mixed,0,Photosynthesis converts oxygen into carbon dioxide and water.,1,1.0,0.0,0.0,TP_hallucination_blocked,0.1344274431467056,0.588822215795517,0.0,7.0,0.1344274431467056,0.3488382697105407,0.079994648694992,0.0,0,0,0,0,0,0,0.0,0.0,0.0,1.0,0,0.0,0,0,0.0,0,0,,,,,noncopular_relation_clamp,0,1,0,0,1.0,1.0,0.0,0,0,0,1,0,0,,,,,,,,,,,
EXP16B_master_with_guarded_EXP18_patch,conversion_direction_mixed,1,Photosynthesis converts carbon dioxide and water into sugars and oxygen.,0,0.0,1.0,0.0,TN_valid_kept,0.0616318546235561,0.588822215795517,0.0,8.0,0.0616318546235561,0.3488382697105407,0.079994648694992,0.0,0,0,0,0,0,0,0.0,0.0,0.0,0.0,0,0.0,0,0,0.0,0,0,,,,,none,0,0,0,0,0.0,0.0,1.0,0,0,0,0,1,0,,,,,,,,,,,
EXP16B_master_with_guarded_EXP18_patch,conversion_direction_mixed,2,Plants use photosynthesis to make sugars from carbon dioxide and water.,0,0.0,1.0,0.0,TN_valid_kept,0.19723641872406,0.588822215795517,0.0,8.0,0.19723641872406,0.3488382697105407,0.079994648694992,0.0,0,0,0,0,0,0,0.0,0.0,0.0,0.0,0,0.0,0,0,0.0,0,0,,,,,none,0,1,0,0,1.0,1.0,0.0,0,0,0,0,1,0,,,,,,,,,,,
EXP16B_master_with_guarded_EXP18_patch,conversion_direction_mixed,3,Photosynthesis converts carbon dioxide into plastic.,1,1.0,0.0,1.0,TP_hallucination_blocked,0.4162702858448028,0.588822215795517,0.5,5.0,0.4912702858448028,0.3488382697105407,0.079994648694992,0.0985950827598571,0,0,0,0,0,1,0.0,0.0,0.0,1.0,0,0.0,0,0,0.0,0,0,,,,plastic,content_token_clamp|noncopular_relation_clamp,0,1,0,0,1.0,1.0,0.0,1,1,1,1,0,0,,,,,,,,,,,
EXP16B_master_with_guarded_EXP18_patch,conversion_direction_mixed,4,Photosynthesis releases oxygen and stores light energy.,0,0.0,1.0,0.0,TN_valid_kept,0.220676451921463,0.588822215795517,0.0,6.0,0.220676451921463,0.3488382697105407,0.079994648694992,0.0,0,0,0,0,0,0,0.0,0.0,0.0,0.0,0,0.0,0,0,0.0,0,0,,,,,none,0,1,0,0,1.0,1.0,0.0,0,0,0,0,1,0,,,,,,,,,,,
EXP16B_master_with_guarded_EXP18_patch,conversion_direction_all_bad,0,Photosynthesis converts oxygen into carbon dioxide and water.,1,1.0,0.0,0.0,TP_hallucination_blocked,0.1344274431467056,0.588822215795517,0.0,7.0,0.1344274431467056,0.3488382697105407,0.079994648694992,0.0,0,0,0,0,0,0,0.0,0.0,0.0,1.0,0,0.0,0,0,0.0,0,0,,,,,noncopular_relation_clamp,0,1,0,0,1.0,1.0,0.0,0,0,0,1,0,0,,,,,,,,,,,
EXP16B_master_with_guarded_EXP18_patch,conversion_direction_all_bad,1,Photosynthesis converts sugars into carbon dioxide and water.,1,1.0,0.0,0.0,TP_hallucination_blocked,0.1239046305418014,0.588822215795517,0.0,7.0,0.1239046305418014,0.3488382697105407,0.079994648694992,0.0,0,0,0,0,0,0,0.0,0.0,0.0,1.0,0,0.0,0,0,0.0,0,0,,,,,noncopular_relation_clamp,0,1,0,0,1.0,1.0,0.0,0,0,0,1,0,0,,,,,,,,,,,
EXP16B_master_with_guarded_EXP18_patch,conversion_direction_all_bad,2,Photosynthesis converts oxygen into plastic.,1,1.0,0.0,1.0,TP_hallucination_blocked,0.3876755535602569,0.588822215795517,0.5,4.0,0.4626755535602569,0.3488382697105407,0.079994648694992,0.1321305930614471,0,0,0,0,0,1,0.0,0.0,0.0,1.0,0,0.0,0,0,0.0,0,0,,,,plastic,content_token_clamp|noncopular_relation_clamp,0,1,0,0,1.0,1.0,0.0,1,1,1,1,0,0,,,,,,,,,,,
EXP16B_master_with_guarded_EXP18_patch,conversion_direction_all_bad,3,Photosynthesis converts light energy into metal.,1,1.0,0.0,0.0,TP_hallucination_blocked,0.4885956645011902,0.588822215795517,0.5,5.0,0.5635956645011901,0.3488382697105407,0.079994648694992,0.0,0,0,0,0,0,0,0.0,0.0,0.0,1.0,0,0.0,0,0,0.0,0,0,,,,metal,noncopular_relation_clamp,0,1,0,0,1.0,1.0,0.0,1,1,1,1,0,0,,,,,,,,,,,
EXP16B_master_with_guarded_EXP18_patch,containment_direction_mixed,0,DNA contains the nucleus.,1,1.0,0.0,0.0,TP_hallucination_blocked,0.146425575017929,0.4785757139325142,0.0,3.0,0.146425575017929,0.2455860078334808,0.0776632353663444,0.0,0,0,0,0,0,0,0.0,0.0,0.0,1.0,0,0.0,0,0,0.0,0,0,,,,,noncopular_relation_clamp,1,1,0,0,1.0,1.0,0.0,0,0,1,1,0,0,,,,,,,,,,,
EXP16B_master_with_guarded_EXP18_patch,containment_direction_mixed,1,The nucleus contains most human cellular DNA.,0,0.0,1.0,0.0,TN_valid_kept,0.0624954551458358,0.4785757139325142,0.0,5.0,0.0624954551458358,0.2455860078334808,0.0776632353663444,0.0,0,0,0,0,0,0,0.0,0.0,0.0,0.0,0,0.0,0,0,0.0,0,0,,,,,none,0,0,0,0,0.0,0.0,1.0,0,0,0,0,1,0,,,,,,,,,,,
EXP16B_master_with_guarded_EXP18_patch,containment_direction_mixed,2,Human cells contain DNA in the nucleus.,0,0.0,1.0,0.0,TN_valid_kept,0.0651251524686813,0.4785757139325142,0.0,5.0,0.0651251524686813,0.2455860078334808,0.0776632353663444,0.0,0,0,0,0,0,0,0.0,0.0,0.0,0.0,0,0.0,0,0,0.0,0,0,,,,,none,0,0,0,0,0.0,0.0,1.0,0,0,0,0,1,0,,,,,,,,,,,
EXP16B_master_with_guarded_EXP18_patch,containment_direction_mixed,3,Mitochondria contain some DNA.,0,0.0,1.0,1.0,TN_valid_kept,0.4910173118114471,0.4785757139325142,0.0,3.0,0.4910173118114471,0.2455860078334808,0.0776632353663444,0.0,0,0,0,0,0,0,0.0,0.0,0.0,0.0,0,0.0,0,0,0.0,0,0,,,,,none,0,0,0,0,0.0,0.0,1.0,0,0,0,0,1,0,,,,,,,,,,,
EXP16B_master_with_guarded_EXP18_patch,containment_direction_mixed,4,DNA contains human cells.,1,1.0,0.0,0.0,TP_hallucination_blocked,0.2465547919273376,0.4785757139325142,0.0,4.0,0.2465547919273376,0.2455860078334808,0.0776632353663444,0.0,0,0,0,0,0,0,0.0,0.0,0.0,1.0,0,0.0,0,0,0.0,0,0,,,,,noncopular_relation_clamp,1,1,0,0,1.0,1.0,0.0,0,0,1,1,0,0,,,,,,,,,,,
EXP16B_master_with_guarded_EXP18_patch,containment_direction_all_bad,0,DNA contains the nucleus.,1,1.0,0.0,0.0,TP_hallucination_blocked,0.146425575017929,0.4785757139325142,0.0,3.0,0.146425575017929,0.2455860078334808,0.0776632353663444,0.0,0,0,0,0,0,0,0.0,0.0,0.0,1.0,0,0.0,0,0,0.0,0,0,,,,,noncopular_relation_clamp,1,1,0,0,1.0,1.0,0.0,0,0,1,1,0,0,,,,,,,,,,,
EXP16B_master_with_guarded_EXP18_patch,containment_direction_all_bad,1,DNA contains human cells.,1,1.0,0.0,0.0,TP_hallucination_blocked,0.2465547919273376,0.4785757139325142,0.0,4.0,0.2465547919273376,0.2455860078334808,0.0776632353663444,0.0,0,0,0,0,0,0,0.0,0.0,0.0,1.0,0,0.0,0,0,0.0,0,0,,,,,noncopular_relation_clamp,1,1,0,0,1.0,1.0,0.0,0,0,1,1,0,0,,,,,,,,,,,
EXP16B_master_with_guarded_EXP18_patch,containment_direction_all_bad,2,Mitochondria contain the nucleus.,1,1.0,0.0,0.0,TP_hallucination_blocked,0.4662539958953857,0.4785757139325142,0.0,3.0,0.4662539958953857,0.2455860078334808,0.0776632353663444,0.0,0,0,0,0,0,0,0.0,0.0,0.0,1.0,0,0.0,0,0,0.0,0,0,,,,,noncopular_relation_clamp,0,1,0,0,1.0,1.0,0.0,0,0,0,1,0,0,,,,,,,,,,,
EXP16B_master_with_guarded_EXP18_patch,containment_direction_all_bad,3,The nucleus contains keyboards.,1,1.0,0.0,1.0,TP_hallucination_blocked,0.7504246234893799,0.4785757139325142,0.5,2.0,0.8254246234893798,0.2455860078334808,0.0776632353663444,0.1543838381767273,0,0,0,0,0,1,0.0,0.0,0.0,1.0,0,0.0,0,0,0.0,0,0,,,,keyboards,content_token_clamp|noncopular_relation_clamp,0,1,0,0,1.0,1.0,0.0,1,1,1,1,0,0,,,,,,,,,,,
EXP16B_master_with_guarded_EXP18_patch,cause_direction_mixed,0,Heat produces friction.,1,1.0,0.0,0.0,TP_hallucination_blocked,0.0604158602654933,0.2343085668981075,0.0,3.0,0.0604158602654933,0.1492566466331482,0.0283506400883197,0.0,0,0,0,0,0,0,0.0,0.0,0.0,1.0,0,0.0,0,0,0.0,0,0,,,,,noncopular_relation_clamp,1,1,0,0,1.0,1.0,0.0,0,0,1,1,0,0,,,,,,,,,,,
EXP16B_master_with_guarded_EXP18_patch,cause_direction_mixed,1,Friction can produce heat.,0,0.0,1.0,0.0,TN_valid_kept,0.059215385466814,0.2343085668981075,0.0,3.0,0.059215385466814,0.1492566466331482,0.0283506400883197,0.0,0,0,0,0,0,0,0.0,0.0,0.0,0.0,0,0.0,0,0,0.0,0,0,,,,,none,0,0,0,0,0.0,0.0,1.0,0,0,0,0,1,0,,,,,,,,,,,
EXP16B_master_with_guarded_EXP18_patch,cause_direction_mixed,2,Rubbing surfaces can generate heat through friction.,0,0.0,1.0,0.0,TN_valid_kept,0.2193867862224578,0.2343085668981075,0.0,5.0,0.2193867862224578,0.1492566466331482,0.0283506400883197,0.0,0,0,0,0,0,0,0.0,0.0,0.0,0.0,0,0.0,0,0,0.0,0,0,,,,,none,0,0,0,0,0.0,0.0,1.0,0,0,0,0,1,0,,,,,,,,,,,
EXP16B_master_with_guarded_EXP18_patch,cause_direction_mixed,3,Friction converts some motion into heat.,0,0.0,1.0,0.0,TN_valid_kept,0.0492999479174613,0.2343085668981075,0.0,5.0,0.0492999479174613,0.1492566466331482,0.0283506400883197,0.0,0,0,0,0,0,0,0.0,0.0,0.0,0.0,0,0.0,0,0,0.0,0,0,,,,,none,0,0,0,0,0.0,0.0,1.0,0,0,0,0,1,0,,,,,,,,,,,
EXP16B_master_with_guarded_EXP18_patch,cause_direction_mixed,4,Heat converts friction into motion.,1,1.0,0.0,0.0,TP_hallucination_blocked,0.1004052385687828,0.2343085668981075,0.0,5.0,0.1004052385687828,0.1492566466331482,0.0283506400883197,0.0,0,0,0,0,0,0,0.0,0.0,0.0,1.0,0,0.0,0,0,0.0,0,0,,,,,noncopular_relation_clamp,0,1,0,0,1.0,1.0,0.0,0,0,0,1,0,0,,,,,,,,,,,
EXP16B_master_with_guarded_EXP18_patch,has_count_relation_mixed,0,"Mars has one moon, Phobos.",1,1.0,0.0,0.0,TP_hallucination_blocked,0.1947550624608993,1.3095614314079285,0.0,4.0,0.1947550624608993,0.6399155855178833,0.2232152819633484,0.0,0,0,0,0,0,0,0.0,0.0,0.0,1.0,0,0.0,0,0,0.0,0,0,,,,,noncopular_relation_clamp,0,1,0,0,1.0,1.0,0.0,0,0,0,1,0,0,,,,,,,,,,,
EXP16B_master_with_guarded_EXP18_patch,has_count_relation_mixed,1,"Mars has two moons, Phobos and Deimos.",0,0.0,1.0,0.0,TN_valid_kept,0.027212930843234,1.3095614314079285,0.0,5.0,0.027212930843234,0.6399155855178833,0.2232152819633484,0.0,0,0,0,0,0,0,0.0,0.0,0.0,0.0,0,0.0,0,0,0.0,0,0,,,,,none,0,0,0,0,0.0,0.0,1.0,0,0,0,0,1,0,,,,,,,,,,,
EXP16B_master_with_guarded_EXP18_patch,has_count_relation_mixed,2,Earth has one Moon.,0,0.0,1.0,0.0,TN_valid_kept,0.713210940361023,1.3095614314079285,0.0,3.0,0.713210940361023,0.6399155855178833,0.2232152819633484,0.0,0,0,0,0,0,0,0.0,0.0,0.0,0.0,0,0.0,0,0,0.0,0,0,,,,,none,0,0,0,0,0.0,0.0,1.0,0,0,0,0,1,0,,,,,,,,,,,
EXP16B_master_with_guarded_EXP18_patch,has_count_relation_mixed,3,Earth has two moons.,1,1.0,0.0,0.0,TP_hallucination_blocked,0.5410306453704834,1.3095614314079285,0.0,3.0,0.5410306453704834,0.6399155855178833,0.2232152819633484,0.0,0,0,0,0,0,0,0.0,0.0,0.0,1.0,0,0.0,0,0,0.0,0,0,,,,,noncopular_relation_clamp,0,1,0,0,1.0,1.0,0.0,0,0,0,1,0,0,,,,,,,,,,,
EXP16B_master_with_guarded_EXP18_patch,has_count_relation_mixed,4,Jupiter has many moons.,0,0.0,1.0,0.0,TN_valid_kept,0.6276122331619263,1.3095614314079285,0.0,2.0,0.6276122331619263,0.6399155855178833,0.2232152819633484,0.0,0,0,0,0,0,0,0.0,0.0,0.0,0.0,0,0.0,0,0,0.0,0,0,,,,,none,0,0,0,0,0.0,0.0,1.0,0,0,0,0,1,0,,,,,,,,,,,
EXP16B_master_with_guarded_EXP18_patch,earth_shape_valid_paraphrases,0,Earth is approximately an oblate spheroid.,0,0.0,1.0,0.0,TN_valid_kept,0.1051608175039291,0.8761832118034363,0.0,3.0,0.1051608175039291,0.5415163040161133,0.1115556359291076,0.0,0,0,0,0,0,0,0.0,0.0,0.0,0.0,0,0.0,0,0,0.0,0,1,,,,,none,0,0,0,0,0.0,0.0,1.0,0,0,0,0,1,0,,,,,,,,,,,
EXP16B_master_with_guarded_EXP18_patch,earth_shape_valid_paraphrases,1,Earth is roughly spherical and slightly flattened at the poles.,0,0.0,1.0,0.0,TN_valid_kept,0.3887318074703216,0.8761832118034363,0.0,4.0,0.3887318074703216,0.5415163040161133,0.1115556359291076,0.0,0,0,0,0,0,0,0.0,0.0,0.0,0.0,0,0.0,0,0,0.0,0,0,,,,,none,0,1,0,0,1.0,1.0,0.0,0,0,0,0,1,0,,,,,,,,,,,
EXP16B_master_with_guarded_EXP18_patch,earth_shape_valid_paraphrases,2,Earth's shape is commonly described as an oblate spheroid.,0,0.0,1.0,0.0,TN_valid_kept,0.1770950853824615,0.8761832118034363,0.0,4.0,0.1770950853824615,0.5415163040161133,0.1115556359291076,0.0,0,0,0,0,0,0,0.0,0.0,0.0,0.0,0,0.0,0,0,0.0,0,1,,,,,none,0,0,0,0,0.0,0.0,1.0,0,0,0,0,1,0,,,,,,,,,,,
EXP16B_master_with_guarded_EXP18_patch,earth_shape_valid_paraphrases,3,Earth is not a perfect sphere; it is slightly flattened at the poles.,0,0.0,1.0,0.0,TN_valid_kept,0.4423277080059051,0.8761832118034363,0.0,5.0,0.4423277080059051,0.5415163040161133,0.1115556359291076,0.0,0,0,0,0,0,0,0.0,0.0,0.0,0.0,0,0.0,0,0,0.0,0,1,,,,,none,0,1,0,0,1.0,1.0,0.0,0,0,0,0,1,0,,,,,,,,,,,
EXP16B_master_with_guarded_EXP18_patch,earth_shape_valid_paraphrases,4,The planet Earth is roughly spherical with equatorial bulging.,0,0.0,1.0,0.0,TN_valid_kept,0.3583780825138092,0.8761832118034363,0.0,5.0,0.3583780825138092,0.5415163040161133,0.1115556359291076,0.0,0,0,0,0,0,0,0.0,0.0,0.0,0.0,0,0.0,0,0,0.0,0,1,,,,,none,0,0,0,0,0.0,0.0,1.0,0,0,0,0,1,0,,,,,,,,,,,
EXP16B_master_with_guarded_EXP18_patch,gravity_valid_paraphrases,0,"Modern physics has useful descriptions of gravity, but no complete quantum theory is established.",0,0.0,1.0,0.0,TN_valid_kept,0.2447728961706161,0.958626389503479,0.0,9.0,0.2447728961706161,0.7775291800498962,0.0603657364845275,0.0,0,0,0,0,0,0,0.0,0.0,0.0,0.0,0,0.0,0,0,0.0,0,0,,,,,none,0,0,0,0,0.0,0.0,1.0,0,0,0,0,1,0,,,,,,,,,,,
EXP16B_master_with_guarded_EXP18_patch,gravity_valid_paraphrases,1,Gravity can be modeled as Newtonian attraction between masses.,0,0.0,1.0,0.0,TN_valid_kept,0.5307523012161255,0.958626389503479,0.5,5.0,0.6057523012161254,0.7775291800498962,0.0603657364845275,0.0,0,0,0,0,0,0,0.0,0.0,0.0,0.0,0,0.0,0,0,0.0,0,0,,,,attraction,none,0,0,0,0,0.0,0.0,1.0,1,0,0,0,1,0,,,,,,,,,,,
EXP16B_master_with_guarded_EXP18_patch,gravity_valid_paraphrases,2,General relativity describes gravity using spacetime curvature associated with mass and energy.,0,0.0,1.0,0.0,TN_valid_kept,0.5034885406494141,0.958626389503479,0.5,8.0,0.578488540649414,0.7775291800498962,0.0603657364845275,0.0,0,0,0,0,0,0,0.0,0.0,0.0,0.0,0,0.0,0,0,0.0,0,0,,,,describes,none,0,0,0,0,0.0,0.0,1.0,1,0,0,0,1,0,,,,,,,,,,,
EXP16B_master_with_guarded_EXP18_patch,gravity_valid_paraphrases,3,A complete experimentally verified theory of quantum gravity is not established.,0,0.0,1.0,0.0,TN_valid_kept,0.3330675661563873,0.958626389503479,0.0,7.0,0.3330675661563873,0.7775291800498962,0.0603657364845275,0.0,0,0,0,0,0,0,0.0,0.0,0.0,0.0,0,0.0,0,0,0.0,0,1,,,,,none,0,0,0,0,0.0,0.0,1.0,0,0,0,0,1,0,,,,,,,,,,,
EXP16B_master_with_guarded_EXP18_patch,gravity_valid_paraphrases,4,Current physics describes gravity through useful but incomplete models.,0,0.0,1.0,0.0,TN_valid_kept,0.3701125383377075,0.958626389503479,1.5,4.0,0.5951125383377075,0.7775291800498962,0.0603657364845275,0.0,0,0,0,0,0,0,0.0,0.0,0.0,0.0,0,0.0,0,0,0.0,0,0,,,,"current,describes,incomplete",none,0,0,0,0,0.0,0.0,1.0,1,0,0,0,1,0,,,,,,,,,,,
EXP16B_master_with_guarded_EXP18_patch,photosynthesis_valid_paraphrases,0,Photosynthesis converts carbon dioxide and water into sugars and oxygen.,0,0.0,1.0,0.0,TN_valid_kept,0.0616318546235561,0.588822215795517,0.0,8.0,0.0616318546235561,0.3488382697105407,0.079994648694992,0.0,0,0,0,0,0,0,0.0,0.0,0.0,0.0,0,0.0,0,0,0.0,0,1,,,,,none,0,0,0,0,0.0,0.0,1.0,0,0,0,0,1,0,,,,,,,,,,,
EXP16B_master_with_guarded_EXP18_patch,photosynthesis_valid_paraphrases,1,Plants use photosynthesis to make sugars from carbon dioxide and water.,0,0.0,1.0,0.0,TN_valid_kept,0.19723641872406,0.588822215795517,0.0,8.0,0.19723641872406,0.3488382697105407,0.079994648694992,0.0,0,0,0,0,0,0,0.0,0.0,0.0,0.0,0,0.0,0,0,0.0,0,1,,,,,none,0,1,0,0,1.0,1.0,0.0,0,0,0,0,1,0,,,,,,,,,,,
EXP16B_master_with_guarded_EXP18_patch,photosynthesis_valid_paraphrases,2,Photosynthesis releases oxygen and stores light energy.,0,0.0,1.0,0.0,TN_valid_kept,0.220676451921463,0.588822215795517,0.0,6.0,0.220676451921463,0.3488382697105407,0.079994648694992,0.0,0,0,0,0,0,0,0.0,0.0,0.0,0.0,0,0.0,0,0,0.0,0,0,,,,,none,0,1,0,0,1.0,1.0,0.0,0,0,0,0,1,0,,,,,,,,,,,
EXP16B_master_with_guarded_EXP18_patch,photosynthesis_valid_paraphrases,3,Photosynthesis stores light energy in chemical form.,0,0.0,1.0,0.0,TN_valid_kept,0.3150236010551452,0.588822215795517,0.0,6.0,0.3150236010551452,0.3488382697105407,0.079994648694992,0.0,0,0,0,0,0,0,0.0,0.0,0.0,0.0,0,0.0,0,0,0.0,0,1,,,,,none,0,0,0,0,0.0,0.0,1.0,0,0,0,0,1,0,,,,,,,,,,,
EXP16B_master_with_guarded_EXP18_patch,photosynthesis_valid_paraphrases,4,Photosynthesis releases oxygen.,0,0.0,1.0,0.0,TN_valid_kept,0.1871283650398254,0.588822215795517,0.0,3.0,0.1871283650398254,0.3488382697105407,0.079994648694992,0.0,0,0,0,0,0,0,0.0,0.0,0.0,0.0,0,0.0,0,0,0.0,0,1,,,,,none,0,0,0,0,0.0,0.0,1.0,0,0,0,0,1,0,,,,,,,,,,,
EXP16B_master_with_guarded_EXP18_patch,orbit_valid_paraphrases,0,Earth orbits the Sun.,0,0.0,1.0,0.0,TN_valid_kept,0.1184820383787155,0.7127331048250198,0.0,3.0,0.1184820383787155,0.4905523657798767,0.074060246348381,0.0,0,0,0,0,0,0,0.0,0.0,0.0,0.0,0,0.0,0,0,0.0,0,1,,,,,none,0,0,0,0,0.0,0.0,1.0,0,0,0,0,1,0,,,,,,,,,,,
EXP16B_master_with_guarded_EXP18_patch,orbit_valid_paraphrases,1,The Moon orbits Earth.,0,0.0,1.0,0.0,TN_valid_kept,0.1980994343757629,0.7127331048250198,0.0,3.0,0.1980994343757629,0.4905523657798767,0.074060246348381,0.0,0,0,0,0,0,0,0.0,0.0,0.0,0.0,0,0.0,0,0,0.0,0,1,,,,,none,0,0,0,0,0.0,0.0,1.0,0,0,0,0,1,0,,,,,,,,,,,
EXP16B_master_with_guarded_EXP18_patch,orbit_valid_paraphrases,2,The Sun is orbited by Earth.,0,0.0,1.0,0.0,TN_valid_kept,0.1870669722557068,0.7127331048250198,0.0,3.0,0.1870669722557068,0.4905523657798767,0.074060246348381,0.0,0,0,0,0,0,0,0.0,0.0,0.0,0.0,0,0.0,0,0,0.0,0,1,,,,,none,0,0,0,0,0.0,0.0,1.0,0,0,0,0,1,0,,,,,,,,,,,
EXP16B_master_with_guarded_EXP18_patch,orbit_valid_paraphrases,3,The Moon is a natural satellite of Earth.,0,0.0,1.0,0.0,TN_valid_kept,0.5630252957344055,0.7127331048250198,0.0,4.0,0.5630252957344055,0.4905523657798767,0.074060246348381,0.0,0,0,0,0,0,0,0.0,0.0,0.0,0.0,0,0.0,0,0,0.0,0,1,,,,,none,0,0,0,0,0.0,0.0,1.0,0,0,0,0,1,0,,,,,,,,,,,
EXP16B_master_with_guarded_EXP18_patch,orbit_valid_paraphrases,4,Earth goes around the Sun.,0,0.0,1.0,0.0,TN_valid_kept,0.3749982118606567,0.7127331048250198,0.5,2.0,0.4499982118606567,0.4905523657798767,0.074060246348381,0.0,0,0,0,0,0,0,0.0,0.0,0.0,0.0,0,0.0,0,0,0.0,0,0,,,,goes,none,0,0,0,0,0.0,0.0,1.0,1,0,0,0,1,0,,,,,,,,,,,
EXP16B_master_with_guarded_EXP18_patch,dna_valid_paraphrases,0,Human cells contain DNA in the nucleus.,0,0.0,1.0,0.0,TN_valid_kept,0.0651251524686813,0.4785757139325142,0.0,5.0,0.0651251524686813,0.2455860078334808,0.0776632353663444,0.0,0,0,0,0,0,0,0.0,0.0,0.0,0.0,0,0.0,0,0,0.0,0,1,,,,,none,0,0,0,0,0.0,0.0,1.0,0,0,0,0,1,0,,,,,,,,,,,
EXP16B_master_with_guarded_EXP18_patch,dna_valid_paraphrases,1,The nucleus contains most human cellular DNA.,0,0.0,1.0,0.0,TN_valid_kept,0.0624954551458358,0.4785757139325142,0.0,5.0,0.0624954551458358,0.2455860078334808,0.0776632353663444,0.0,0,0,0,0,0,0,0.0,0.0,0.0,0.0,0,0.0,0,0,0.0,0,1,,,,,none,0,0,0,0,0.0,0.0,1.0,0,0,0,0,1,0,,,,,,,,,,,
EXP16B_master_with_guarded_EXP18_patch,dna_valid_paraphrases,2,Mitochondria contain some DNA.,0,0.0,1.0,0.0,TN_valid_kept,0.4910173118114471,0.4785757139325142,0.0,3.0,0.4910173118114471,0.2455860078334808,0.0776632353663444,0.0,0,0,0,0,0,0,0.0,0.0,0.0,0.0,0,0.0,0,0,0.0,0,1,,,,,none,0,0,0,0,0.0,0.0,1.0,0,0,0,0,1,0,,,,,,,,,,,
EXP16B_master_with_guarded_EXP18_patch,dna_valid_paraphrases,3,DNA is located mainly in the nucleus.,0,0.0,1.0,0.0,TN_valid_kept,0.2094644159078598,0.4785757139325142,0.0,3.0,0.2094644159078598,0.2455860078334808,0.0776632353663444,0.0,0,0,0,0,0,0,0.0,0.0,0.0,0.0,0,0.0,0,0,0.0,0,1,,,,,none,0,0,0,0,0.0,0.0,1.0,0,0,0,0,1,0,,,,,,,,,,,
EXP16B_master_with_guarded_EXP18_patch,dna_valid_paraphrases,4,Most human cellular DNA is in the nucleus.,0,0.0,1.0,0.0,TN_valid_kept,0.0723288655281066,0.4785757139325142,0.0,4.0,0.0723288655281066,0.2455860078334808,0.0776632353663444,0.0,0,0,0,0,0,0,0.0,0.0,0.0,0.0,0,0.0,0,0,0.0,0,0,,,,,none,0,0,0,0,0.0,0.0,1.0,0,0,0,0,1,0,,,,,,,,,,,
EXP16B_master_with_guarded_EXP18_patch,friction_heat_valid_paraphrases,0,Friction can produce heat.,0,0.0,1.0,0.0,TN_valid_kept,0.059215385466814,0.2343085668981075,0.0,3.0,0.059215385466814,0.1492566466331482,0.0283506400883197,0.0,0,0,0,0,0,0,0.0,0.0,0.0,0.0,0,0.0,0,0,0.0,0,1,,,,,none,0,0,0,0,0.0,0.0,1.0,0,0,0,0,1,0,,,,,,,,,,,
EXP16B_master_with_guarded_EXP18_patch,friction_heat_valid_paraphrases,1,Rubbing surfaces can generate heat through friction.,0,0.0,1.0,0.0,TN_valid_kept,0.2193867862224578,0.2343085668981075,0.0,5.0,0.2193867862224578,0.1492566466331482,0.0283506400883197,0.0,0,0,0,0,0,0,0.0,0.0,0.0,0.0,0,0.0,0,0,0.0,0,1,,,,,none,0,0,0,0,0.0,0.0,1.0,0,0,0,0,1,0,,,,,,,,,,,
EXP16B_master_with_guarded_EXP18_patch,friction_heat_valid_paraphrases,2,Friction converts some motion into heat.,0,0.0,1.0,0.0,TN_valid_kept,0.0492999479174613,0.2343085668981075,0.0,5.0,0.0492999479174613,0.1492566466331482,0.0283506400883197,0.0,0,0,0,0,0,0,0.0,0.0,0.0,0.0,0,0.0,0,0,0.0,0,1,,,,,none,0,0,0,0,0.0,0.0,1.0,0,0,0,0,1,0,,,,,,,,,,,
EXP16B_master_with_guarded_EXP18_patch,friction_heat_valid_paraphrases,3,Heat is produced when friction dissipates motion.,0,0.0,1.0,0.0,TN_valid_kept,0.0949785336852073,0.2343085668981075,0.0,6.0,0.0949785336852073,0.1492566466331482,0.0283506400883197,0.0,0,0,0,0,0,0,0.0,0.0,0.0,0.0,0,0.0,0,0,0.0,0,1,,,,,none,0,0,0,0,0.0,0.0,1.0,0,0,0,0,1,0,,,,,,,,,,,
EXP16B_master_with_guarded_EXP18_patch,friction_heat_valid_paraphrases,4,Friction dissipates motion as heat.,0,0.0,1.0,0.0,TN_valid_kept,0.1242063492536544,0.2343085668981075,0.0,4.0,0.1242063492536544,0.1492566466331482,0.0283506400883197,0.0,0,0,0,0,0,0,0.0,0.0,0.0,0.0,0,0.0,0,0,0.0,0,0,,,,,none,0,0,0,0,0.0,0.0,1.0,0,0,0,0,1,0,,,,,,,,,,,
EXP16B_master_with_guarded_EXP18_patch,mars_moons_valid_paraphrases,0,"Mars has two moons, Phobos and Deimos.",0,0.0,1.0,0.0,TN_valid_kept,0.0449438393115997,0.140945678576827,0.0,5.0,0.0449438393115997,0.0847465991973877,0.0187330264598131,0.0,0,0,0,0,0,0,0.0,0.0,0.0,0.0,0,0.0,0,0,0.0,0,1,,,,,none,0,0,0,0,0.0,0.0,1.0,0,0,0,0,1,0,,,,,,,,,,,
EXP16B_master_with_guarded_EXP18_patch,mars_moons_valid_paraphrases,1,The two moons of Mars are Phobos and Deimos.,0,0.0,1.0,0.0,TN_valid_kept,0.0173749979585409,0.140945678576827,0.0,5.0,0.0173749979585409,0.0847465991973877,0.0187330264598131,0.0,0,0,0,0,0,0,0.0,0.0,0.0,0.0,0,0.0,0,0,0.0,0,1,,,,,none,0,0,0,0,0.0,0.0,1.0,0,0,0,0,1,0,,,,,,,,,,,
EXP16B_master_with_guarded_EXP18_patch,mars_moons_valid_paraphrases,2,Mars has two natural satellites called Phobos and Deimos.,0,0.0,1.0,0.0,TN_valid_kept,0.1562314927577972,0.140945678576827,0.0,6.0,0.1562314927577972,0.0847465991973877,0.0187330264598131,0.0,0,0,0,0,0,0,0.0,0.0,0.0,0.0,0,0.0,0,0,0.0,0,1,,,,,none,0,1,0,0,1.0,1.0,0.0,0,0,0,0,1,0,,,,,,,,,,,
EXP16B_master_with_guarded_EXP18_patch,mars_moons_valid_paraphrases,3,Phobos and Deimos are the moons of Mars.,0,0.0,1.0,0.0,TN_valid_kept,0.0467183738946914,0.140945678576827,0.0,4.0,0.0467183738946914,0.0847465991973877,0.0187330264598131,0.0,0,0,0,0,0,0,0.0,0.0,0.0,0.0,0,0.0,0,0,0.0,0,1,,,,,none,0,0,0,0,0.0,0.0,1.0,0,0,0,0,1,0,,,,,,,,,,,
EXP16B_master_with_guarded_EXP18_patch,mars_moons_valid_paraphrases,4,Mars has two moons called Phobos and Deimos.,0,0.0,1.0,0.0,TN_valid_kept,0.0305361151695251,0.140945678576827,0.0,5.0,0.0305361151695251,0.0847465991973877,0.0187330264598131,0.0,0,0,0,0,0,0,0.0,0.0,0.0,0.0,0,0.0,0,0,0.0,0,0,,,,,none,0,0,0,0,0.0,0.0,1.0,0,0,0,0,1,0,,,,,,,,,,,
EXP16B_master_with_guarded_EXP18_patch,science_models_valid_paraphrases,0,Scientific models describe observations and can be useful without being final truth.,0,0.0,1.0,0.0,TN_valid_kept,0.1749086827039718,1.083843231201172,0.0,8.0,0.1749086827039718,0.6137987971305847,0.156681478023529,0.0,0,0,0,0,0,0,0.0,0.0,0.0,0.0,0,0.0,0,0,0.0,0,1,,,,,none,0,0,0,0,0.0,0.0,1.0,0,0,0,0,1,0,,,,,,,,,,,
EXP16B_master_with_guarded_EXP18_patch,science_models_valid_paraphrases,1,A model can match evidence while remaining incomplete.,0,0.0,1.0,0.0,TN_valid_kept,0.4527599513530731,1.083843231201172,0.0,4.0,0.4527599513530731,0.6137987971305847,0.156681478023529,0.0,0,0,0,0,0,0,0.0,0.0,0.0,0.0,0,0.0,0,0,0.0,0,0,,,,,none,0,0,0,0,0.0,0.0,1.0,0,0,0,0,1,0,,,,,,,,,,,
EXP16B_master_with_guarded_EXP18_patch,science_models_valid_paraphrases,2,"Scientific descriptions are tested against observations, measurements, and predictions.",0,0.0,1.0,0.0,TN_valid_kept,0.4932231307029724,1.083843231201172,0.0,7.0,0.4932231307029724,0.6137987971305847,0.156681478023529,0.0,0,0,0,0,0,0,0.0,0.0,0.0,0.0,0,0.0,0,0,0.0,0,1,,,,,none,0,0,0,0,0.0,0.0,1.0,0,0,0,0,1,0,,,,,,,,,,,
EXP16B_master_with_guarded_EXP18_patch,science_models_valid_paraphrases,3,A successful model is not automatically a complete final description of reality.,0,0.0,1.0,0.0,TN_valid_kept,0.4982562959194183,1.083843231201172,0.0,7.0,0.4982562959194183,0.6137987971305847,0.156681478023529,0.0,0,0,0,0,0,0,0.0,0.0,0.0,0.0,0,0.0,0,0,0.0,0,1,,,,,none,0,0,0,0,0.0,0.0,1.0,0,0,0,0,1,0,,,,,,,,,,,
EXP16B_master_with_guarded_EXP18_patch,science_models_valid_paraphrases,4,Scientific models can be useful while still being incomplete descriptions.,0,0.0,1.0,0.0,TN_valid_kept,0.3463141024112701,1.083843231201172,0.0,6.0,0.3463141024112701,0.6137987971305847,0.156681478023529,0.0,0,0,0,0,0,0,0.0,0.0,0.0,0.0,0,0.0,0,0,0.0,0,0,,,,,none,0,0,0,0,0.0,0.0,1.0,0,0,0,0,1,0,,,,,,,,,,,
EXP16B_master_with_guarded_EXP18_patch,temperature_valid_paraphrases,0,Normal human body temperature is often given as about 37 degrees Celsius.,0,0.0,1.0,0.0,TN_valid_kept,0.0365231446921825,0.2120460122823715,0.0,5.0,0.0365231446921825,0.1235996335744857,0.0294821262359619,0.0,0,0,0,0,0,0,0.0,0.0,0.0,0.0,0,0.0,0,0,0.0,0,1,,,,,none,0,0,0,0,0.0,0.0,1.0,0,0,0,0,1,0,,,,,,,,,,,
EXP16B_master_with_guarded_EXP18_patch,temperature_valid_paraphrases,1,A common reference value for normal human body temperature is around 37°C.,0,0.0,1.0,0.0,TN_valid_kept,0.0541346818208694,0.2120460122823715,0.0,8.0,0.0541346818208694,0.1235996335744857,0.0294821262359619,0.0,0,0,0,0,0,0,0.0,0.0,0.0,0.0,0,0.0,0,0,0.0,0,1,,,,,none,0,0,0,0,0.0,0.0,1.0,0,0,0,0,1,0,,,,,,,,,,,
EXP16B_master_with_guarded_EXP18_patch,temperature_valid_paraphrases,2,"Normal body temperature is approximately 37 degrees Celsius, though it varies.",0,0.0,1.0,0.0,TN_valid_kept,0.1337649226188659,0.2120460122823715,0.0,6.0,0.1337649226188659,0.1235996335744857,0.0294821262359619,0.0,0,0,0,0,0,0,0.0,0.0,0.0,0.0,0,0.0,0,0,0.0,0,1,,,,,none,0,0,0,0,0.0,0.0,1.0,0,0,0,0,1,0,,,,,,,,,,,
EXP16B_master_with_guarded_EXP18_patch,temperature_valid_paraphrases,3,Human body temperature is commonly described as near 37°C.,0,0.0,1.0,0.0,TN_valid_kept,0.0859392508864402,0.2120460122823715,0.0,4.0,0.0859392508864402,0.1235996335744857,0.0294821262359619,0.0,0,0,0,0,0,0,0.0,0.0,0.0,0.0,0,0.0,0,0,0.0,0,1,,,,,none,0,0,0,0,0.0,0.0,1.0,0,0,0,0,1,0,,,,,,,,,,,
EXP16B_master_with_guarded_EXP18_patch,temperature_valid_paraphrases,4,"Normal human body temperature is about 37°C, though it varies.",0,0.0,1.0,0.0,TN_valid_kept,0.060420848429203,0.2120460122823715,0.0,7.0,0.060420848429203,0.1235996335744857,0.0294821262359619,0.0,0,0,0,0,0,0,0.0,0.0,0.0,0.0,0,0.0,0,0,0.0,0,0,,,,,none,0,0,0,0,0.0,0.0,1.0,0,0,0,0,1,0,,,,,,,,,,,
EXP16B_master_with_guarded_EXP18_patch,capital_valid_paraphrases,0,The capital of Italy is Rome.,0,0.0,1.0,0.0,TN_valid_kept,0.015758391469717,0.1260182466357946,0.0,3.0,0.015758391469717,0.0739117264747619,0.0173688400536775,0.0,0,0,0,0,0,0,0.0,0.0,0.0,0.0,0,0.0,0,0,0.0,0,1,,,,,none,0,0,0,0,0.0,0.0,1.0,0,0,0,0,1,0,,,,,,,,,,,
EXP16B_master_with_guarded_EXP18_patch,capital_valid_paraphrases,1,Rome is the capital city of Italy.,0,0.0,1.0,0.0,TN_valid_kept,0.0350641533732414,0.1260182466357946,0.0,4.0,0.0350641533732414,0.0739117264747619,0.0173688400536775,0.0,0,0,0,0,0,0,0.0,0.0,0.0,0.0,0,0.0,0,0,0.0,0,1,,,,,none,0,0,0,0,0.0,0.0,1.0,0,0,0,0,1,0,,,,,,,,,,,
EXP16B_master_with_guarded_EXP18_patch,capital_valid_paraphrases,2,Italy's government is based in Rome.,0,0.0,1.0,1.0,TN_valid_kept,0.2923506498336792,0.1260182466357946,0.0,4.0,0.2923506498336792,0.0739117264747619,0.0173688400536775,0.0,0,0,0,0,0,0,0.0,0.0,0.0,0.0,1,0.0,0,0,1.0,0,1,,,,,geometric_shock|reference_member_geometry_override,0,0,0,0,0.0,0.0,1.0,0,0,0,0,1,0,,,,,,,,,,,
EXP16B_master_with_guarded_EXP18_patch,capital_valid_paraphrases,3,Rome serves as Italy's capital.,0,0.0,1.0,0.0,TN_valid_kept,0.0466585308313369,0.1260182466357946,0.0,4.0,0.0466585308313369,0.0739117264747619,0.0173688400536775,0.0,0,0,0,0,0,0,0.0,0.0,0.0,0.0,0,0.0,0,0,0.0,0,1,,,,,none,0,0,0,0,0.0,0.0,1.0,0,0,0,0,1,0,,,,,,,,,,,
EXP16B_master_with_guarded_EXP18_patch,capital_valid_paraphrases,4,Italy's capital is Rome.,0,0.0,1.0,0.0,TN_valid_kept,0.0237889513373374,0.1260182466357946,0.0,3.0,0.0237889513373374,0.0739117264747619,0.0173688400536775,0.0,0,0,0,0,0,0,0.0,0.0,0.0,0.0,0,0.0,0,0,0.0,0,0,,,,,none,0,0,0,0,0.0,0.0,1.0,0,0,0,0,1,0,,,,,,,,,,,
EXP16B_master_with_guarded_EXP18_patch,capital_italy_all_bad_extended,0,The capital of Italy is Milan.,1,1.0,0.0,1.0,TP_hallucination_blocked,0.3311451077461242,0.1260182466357946,2.0,2.0,0.6311451077461243,0.0739117264747619,0.0173688400536775,0.0,0,0,1,1,0,0,1.0,0.0,0.0,0.0,1,0.0,1,0,0.0,0,0,,,Milan,milan,copular_relation_clamp|entity_drift|geometric_shock|literal_block|protected_literal_drift,0,1,0,0,1.0,1.0,0.0,1,1,1,1,0,0,,,,,,,,,,,
EXP16B_master_with_guarded_EXP18_patch,capital_italy_all_bad_extended,1,Italy's government is based in Turin.,1,1.0,0.0,1.0,TP_hallucination_blocked,0.6227448582649231,0.1260182466357946,2.0,3.0,0.9227448582649233,0.0739117264747619,0.0173688400536775,0.0,0,0,1,1,0,0,0.0,0.0,0.0,0.0,1,0.0,1,0,0.0,0,0,,,Turin,turin,entity_drift|geometric_shock|literal_block|protected_literal_drift,0,0,0,0,0.0,1.0,0.0,1,0,0,1,0,0,,,,,,,,,,,
EXP16B_master_with_guarded_EXP18_patch,capital_italy_all_bad_extended,2,Rome is the capital city of France.,1,1.0,0.0,1.0,TP_hallucination_blocked,0.3638596832752228,0.1260182466357946,0.5,3.0,0.4388596832752228,0.0739117264747619,0.0173688400536775,0.0,0,0,0,0,0,0,0.0,0.0,0.0,0.0,1,0.0,0,0,0.0,0,0,,,,france,geometric_shock,0,1,0,0,1.0,1.0,0.0,1,1,1,1,0,0,,,,,,,,,,,
EXP16B_master_with_guarded_EXP18_patch,capital_italy_all_bad_extended,3,Italy's capital is Paris.,1,1.0,0.0,1.0,TP_hallucination_blocked,0.4274821877479553,0.1260182466357946,0.5,2.0,0.5024821877479553,0.0739117264747619,0.0173688400536775,0.0,0,0,0,0,0,0,0.0,0.0,0.0,0.0,1,0.0,0,0,0.0,0,0,,,,paris,geometric_shock,0,0,0,0,0.0,1.0,0.0,1,0,0,1,0,0,,,,,,,,,,,
EXP16B_master_with_guarded_EXP18_patch,capital_italy_all_bad_extended,4,Rome serves as Germany's capital.,1,1.0,0.0,1.0,TP_hallucination_blocked,0.4328112006187439,0.1260182466357946,2.0,3.0,0.7328112006187439,0.0739117264747619,0.0173688400536775,0.0,0,0,1,1,0,0,0.0,0.0,0.0,0.0,1,0.0,1,0,0.0,0,0,,,Germany's,germany's,entity_drift|geometric_shock|literal_block|protected_literal_drift,0,0,0,0,0.0,1.0,0.0,1,0,0,1,0,0,,,,,,,,,,,
EXP16B_master_with_guarded_EXP18_patch,earth_shape_all_bad_extended,0,Earth is perfectly flat.,1,1.0,0.0,1.0,TP_hallucination_blocked,0.5572154521942139,0.8761832118034363,1.0,1.0,0.7072154521942139,0.5415163040161133,0.1115556359291076,0.0,0,0,0,0,0,0,1.0,0.0,0.0,0.0,0,0.0,1,0,0.0,0,0,,,,"flat,perfectly",copular_relation_clamp|literal_block,0,1,0,0,1.0,1.0,0.0,1,1,1,1,0,0,,,,,,,,,,,
EXP16B_master_with_guarded_EXP18_patch,earth_shape_all_bad_extended,1,Earth is a perfect cube.,1,1.0,0.0,1.0,TP_hallucination_blocked,0.6852445006370544,0.8761832118034363,0.5,2.0,0.7602445006370544,0.5415163040161133,0.1115556359291076,0.0,0,0,0,0,0,0,1.0,0.0,0.0,0.0,0,0.0,0,0,0.0,0,0,,,,cube,copular_relation_clamp,0,1,0,0,1.0,1.0,0.0,1,1,1,1,0,0,,,,,,,,,,,
EXP16B_master_with_guarded_EXP18_patch,earth_shape_all_bad_extended,2,Earth is a hollow artificial shell.,1,1.0,0.0,1.0,TP_hallucination_blocked,0.726864755153656,0.8761832118034363,1.5,1.0,0.951864755153656,0.5415163040161133,0.1115556359291076,0.0218356847763061,0,0,0,0,0,0,1.0,0.0,0.0,0.0,0,0.0,1,0,0.0,0,0,,,,"artificial,hollow,shell",copular_relation_clamp|literal_block,0,0,0,0,0.0,1.0,0.0,1,0,0,1,0,0,,,,,,,,,,,
EXP16B_master_with_guarded_EXP18_patch,earth_shape_all_bad_extended,3,Earth is a perfect cylinder.,1,1.0,0.0,1.0,TP_hallucination_blocked,0.6845223307609558,0.8761832118034363,0.5,2.0,0.7595223307609558,0.5415163040161133,0.1115556359291076,0.0,0,0,0,0,0,0,1.0,0.0,0.0,0.0,0,0.0,0,0,0.0,0,0,,,,cylinder,copular_relation_clamp,0,1,0,0,1.0,1.0,0.0,1,1,1,1,0,0,,,,,,,,,,,
EXP16B_master_with_guarded_EXP18_patch,earth_shape_all_bad_extended,4,Earth has no equatorial bulging and is a perfect sphere.,1,1.0,0.0,0.0,TP_hallucination_blocked,0.4008582234382629,0.8761832118034363,0.0,5.0,0.4008582234382629,0.5415163040161133,0.1115556359291076,0.0,0,0,0,0,0,0,0.0,0.0,0.0,0.0,0,0.0,0,1,0.0,0,0,,,,,negated_positive_support,0,1,0,0,1.0,1.0,0.0,0,0,0,1,0,0,,,,,,,,,,,
EXP16B_master_with_guarded_EXP18_patch,gravity_all_bad_extended,0,Gravity is fully solved by modern physics.,1,1.0,0.0,1.0,TP_hallucination_blocked,0.4879266023635864,0.958626389503479,1.0,3.0,0.6379266023635864,0.7775291800498962,0.0603657364845275,0.0151875615119934,0,0,0,0,1,0,0.0,0.0,0.0,0.0,0,0.0,1,0,0.0,0,0,,,,"fully,solved",literal_block|overclaim,0,0,0,0,0.0,1.0,0.0,1,0,0,1,0,0,,,,,,,,,,,
EXP16B_master_with_guarded_EXP18_patch,gravity_all_bad_extended,1,Quantum gravity is complete and experimentally verified.,1,1.0,0.0,1.0,TP_hallucination_blocked,0.4272800385951996,0.958626389503479,0.0,5.0,0.4272800385951996,0.7775291800498962,0.0603657364845275,0.0,0,0,0,0,1,0,1.0,0.0,0.0,0.0,0,0.0,0,0,0.0,0,0,,,,,copular_relation_clamp|overclaim,0,0,0,0,0.0,1.0,0.0,1,0,0,1,0,0,,,,,,,,,,,
EXP16B_master_with_guarded_EXP18_patch,gravity_all_bad_extended,2,Gravity is caused by invisible magnetic fluid.,1,1.0,0.0,1.0,TP_hallucination_blocked,0.711924135684967,0.958626389503479,2.0,1.0,1.011924135684967,0.7775291800498962,0.0603657364845275,0.001822292804718,0,0,0,0,0,0,0.0,0.0,0.0,0.0,0,0.0,1,0,0.0,0,0,,,,"caused,fluid,invisible,magnetic",literal_block,0,0,0,0,0.0,1.0,0.0,1,0,0,1,0,0,,,,,,,,,,,
EXP16B_master_with_guarded_EXP18_patch,gravity_all_bad_extended,3,A complete quantum theory of gravity is established.,1,1.0,0.0,1.0,TP_hallucination_blocked,0.2999047040939331,0.958626389503479,0.0,5.0,0.2999047040939331,0.7775291800498962,0.0603657364845275,0.0,0,0,0,0,1,0,1.0,0.0,0.0,0.0,0,0.0,0,0,0.0,0,0,,,,,copular_relation_clamp|overclaim,0,0,0,0,0.0,1.0,0.0,1,0,0,1,0,0,,,,,,,,,,,
EXP16B_master_with_guarded_EXP18_patch,gravity_all_bad_extended,4,General relativity proves gravity has no connection to mass or energy.,1,1.0,0.0,0.0,TP_hallucination_blocked,0.5088673830032349,0.958626389503479,1.0,5.0,0.6588673830032349,0.7775291800498962,0.0603657364845275,0.0080138444900512,0,0,0,0,0,0,0.0,0.0,0.0,0.0,0,0.0,0,1,0.0,0,0,,,,"connection,proves",negated_positive_support,0,0,0,0,0.0,1.0,0.0,1,0,0,1,0,0,,,,,,,,,,,
EXP16B_master_with_guarded_EXP18_patch,photosynthesis_all_bad_extended,0,Photosynthesis converts oxygen into carbon dioxide and water.,1,1.0,0.0,1.0,TP_hallucination_blocked,0.1344274431467056,0.588822215795517,0.0,7.0,0.1344274431467056,0.3488382697105407,0.079994648694992,0.0,0,0,0,0,0,0,0.0,0.0,1.0,0.0,0,0.0,0,0,0.0,0,0,,,,,noncopular_relation_clamp,0,1,0,0,1.0,1.0,0.0,0,0,0,1,0,0,,,,,,,,,,,
EXP16B_master_with_guarded_EXP18_patch,photosynthesis_all_bad_extended,1,Photosynthesis converts sugars into carbon dioxide and water.,1,1.0,0.0,1.0,TP_hallucination_blocked,0.1239046305418014,0.588822215795517,0.0,7.0,0.1239046305418014,0.3488382697105407,0.079994648694992,0.0,0,0,0,0,0,0,0.0,0.0,1.0,0.0,0,0.0,0,0,0.0,0,0,,,,,noncopular_relation_clamp,0,1,0,0,1.0,1.0,0.0,0,0,0,1,0,0,,,,,,,,,,,
EXP16B_master_with_guarded_EXP18_patch,photosynthesis_all_bad_extended,2,Photosynthesis converts oxygen into plastic.,1,1.0,0.0,1.0,TP_hallucination_blocked,0.3876755535602569,0.588822215795517,0.5,4.0,0.4626755535602569,0.3488382697105407,0.079994648694992,0.1321305930614471,0,0,0,0,0,1,0.0,0.0,1.0,0.0,0,0.0,0,0,0.0,0,0,,,,plastic,content_token_clamp|noncopular_relation_clamp,0,1,0,0,1.0,1.0,0.0,1,1,1,1,0,0,,,,,,,,,,,
EXP16B_master_with_guarded_EXP18_patch,photosynthesis_all_bad_extended,3,Photosynthesis converts light energy into metal.,1,1.0,0.0,1.0,TP_hallucination_blocked,0.4885956645011902,0.588822215795517,0.5,5.0,0.5635956645011901,0.3488382697105407,0.079994648694992,0.0,0,0,0,0,0,0,0.0,0.0,1.0,0.0,0,0.0,0,0,0.0,0,0,,,,metal,noncopular_relation_clamp,0,1,0,0,1.0,1.0,0.0,1,1,1,1,0,0,,,,,,,,,,,
EXP16B_master_with_guarded_EXP18_patch,photosynthesis_all_bad_extended,4,Plants use photosynthesis to make soil from oxygen.,1,1.0,0.0,1.0,TP_hallucination_blocked,0.4229746162891388,0.588822215795517,0.5,5.0,0.4979746162891388,0.3488382697105407,0.079994648694992,0.128909170627594,0,0,0,0,0,1,0.0,0.0,0.0,0.0,0,0.0,0,0,0.0,0,0,,,,soil,content_token_clamp,0,1,0,0,1.0,1.0,0.0,1,1,1,1,0,0,,,,,,,,,,,
EXP16B_master_with_guarded_EXP18_patch,orbit_all_bad_extended,0,Earth orbits the Moon.,1,1.0,0.0,1.0,TP_hallucination_blocked,0.1658195704221725,0.7127331048250198,0.0,3.0,0.1658195704221725,0.4905523657798767,0.074060246348381,0.0,0,0,0,0,0,0,0.0,0.0,1.0,0.0,0,0.0,0,0,0.0,0,0,,,,,noncopular_relation_clamp,1,1,0,0,1.0,1.0,0.0,0,0,1,1,0,0,,,,,,,,,,,
EXP16B_master_with_guarded_EXP18_patch,orbit_all_bad_extended,1,The Sun orbits Earth.,1,1.0,0.0,1.0,TP_hallucination_blocked,0.1602308005094528,0.7127331048250198,0.0,3.0,0.1602308005094528,0.4905523657798767,0.074060246348381,0.0,0,0,0,0,0,0,0.0,0.0,1.0,0.0,0,0.0,0,0,0.0,0,0,,,,,noncopular_relation_clamp,1,1,0,0,1.0,1.0,0.0,0,0,1,1,0,0,,,,,,,,,,,
EXP16B_master_with_guarded_EXP18_patch,orbit_all_bad_extended,2,The Moon orbits the Sun.,1,1.0,0.0,1.0,TP_hallucination_blocked,0.228368729352951,0.7127331048250198,0.0,3.0,0.228368729352951,0.4905523657798767,0.074060246348381,0.0,0,0,0,0,0,0,0.0,0.0,1.0,0.0,0,0.0,0,0,0.0,0,0,,,,,noncopular_relation_clamp,0,1,0,0,1.0,1.0,0.0,0,0,0,1,0,0,,,,,,,,,,,
EXP16B_master_with_guarded_EXP18_patch,orbit_all_bad_extended,3,Earth goes around the Moon.,1,1.0,0.0,1.0,TP_hallucination_blocked,0.3959774672985077,0.7127331048250198,0.5,2.0,0.4709774672985077,0.4905523657798767,0.074060246348381,0.0,0,0,0,0,0,0,0.0,0.0,1.0,0.0,0,0.0,0,0,0.0,0,0,,,,goes,noncopular_relation_clamp,1,1,0,0,1.0,1.0,0.0,1,1,1,1,0,0,,,,,,,,,,,
EXP16B_master_with_guarded_EXP18_patch,orbit_all_bad_extended,4,The Sun is orbited by Mars.,1,1.0,0.0,1.0,TP_hallucination_blocked,0.5249975919723511,0.7127331048250198,0.5,2.0,0.599997591972351,0.4905523657798767,0.074060246348381,0.0,0,0,0,0,0,0,0.0,0.0,1.0,0.0,0,0.0,0,0,0.0,0,0,,,,mars,noncopular_relation_clamp,0,1,0,0,1.0,1.0,0.0,1,1,1,1,0,0,,,,,,,,,,,
EXP16B_master_with_guarded_EXP18_patch,dna_location_all_bad_extended,0,DNA contains the nucleus.,1,1.0,0.0,1.0,TP_hallucination_blocked,0.146425575017929,0.4785757139325142,0.0,3.0,0.146425575017929,0.2455860078334808,0.0776632353663444,0.0,0,0,0,0,0,0,0.0,0.0,1.0,0.0,0,0.0,0,0,0.0,0,0,,,,,noncopular_relation_clamp,1,1,0,0,1.0,1.0,0.0,0,0,1,1,0,0,,,,,,,,,,,
EXP16B_master_with_guarded_EXP18_patch,dna_location_all_bad_extended,1,DNA contains human cells.,1,1.0,0.0,1.0,TP_hallucination_blocked,0.2465547919273376,0.4785757139325142,0.0,4.0,0.2465547919273376,0.2455860078334808,0.0776632353663444,0.0,0,0,0,0,0,0,0.0,0.0,1.0,0.0,0,0.0,0,0,0.0,0,0,,,,,noncopular_relation_clamp,1,1,0,0,1.0,1.0,0.0,0,0,1,1,0,0,,,,,,,,,,,
EXP16B_master_with_guarded_EXP18_patch,dna_location_all_bad_extended,2,Mitochondria contain the nucleus.,1,1.0,0.0,1.0,TP_hallucination_blocked,0.4662539958953857,0.4785757139325142,0.0,3.0,0.4662539958953857,0.2455860078334808,0.0776632353663444,0.0,0,0,0,0,0,0,0.0,0.0,1.0,0.0,0,0.0,0,0,0.0,0,0,,,,,noncopular_relation_clamp,0,1,0,0,1.0,1.0,0.0,0,0,0,1,0,0,,,,,,,,,,,
EXP16B_master_with_guarded_EXP18_patch,dna_location_all_bad_extended,3,The nucleus contains keyboards.,1,1.0,0.0,1.0,TP_hallucination_blocked,0.7504246234893799,0.4785757139325142,0.5,2.0,0.8254246234893798,0.2455860078334808,0.0776632353663444,0.1543838381767273,0,0,0,0,0,1,0.0,0.0,1.0,0.0,1,0.0,0,0,0.0,0,0,,,,keyboards,content_token_clamp|geometric_shock|noncopular_relation_clamp,0,1,0,0,1.0,1.0,0.0,1,1,1,1,0,0,,,,,,,,,,,
EXP16B_master_with_guarded_EXP18_patch,dna_location_all_bad_extended,4,Human DNA is mainly stored in blood plasma outside cells.,1,1.0,0.0,1.0,TP_hallucination_blocked,0.5569323301315308,0.4785757139325142,2.0,3.0,0.8569323301315308,0.2455860078334808,0.0776632353663444,0.0406044721603393,0,0,0,0,0,1,0.0,0.0,0.0,0.0,1,0.0,1,0,0.0,0,0,,,,"blood,outside,plasma,stored",content_token_clamp|geometric_shock|literal_block,0,0,0,0,0.0,1.0,0.0,1,0,0,1,0,0,,,,,,,,,,,
EXP16B_master_with_guarded_EXP18_patch,friction_heat_all_bad_extended,0,Heat produces friction.,1,1.0,0.0,1.0,TP_hallucination_blocked,0.0604158602654933,0.2343085668981075,0.0,3.0,0.0604158602654933,0.1492566466331482,0.0283506400883197,0.0,0,0,0,0,0,0,0.0,0.0,1.0,0.0,0,0.0,0,0,0.0,0,0,,,,,noncopular_relation_clamp,1,1,0,0,1.0,1.0,0.0,0,0,1,1,0,0,,,,,,,,,,,
EXP16B_master_with_guarded_EXP18_patch,friction_heat_all_bad_extended,1,Heat converts friction into motion.,1,1.0,0.0,1.0,TP_hallucination_blocked,0.1004052385687828,0.2343085668981075,0.0,5.0,0.1004052385687828,0.1492566466331482,0.0283506400883197,0.0,0,0,0,0,0,0,0.0,0.0,1.0,0.0,0,0.0,0,0,0.0,0,0,,,,,noncopular_relation_clamp,0,1,0,0,1.0,1.0,0.0,0,0,0,1,0,0,,,,,,,,,,,
EXP16B_master_with_guarded_EXP18_patch,friction_heat_all_bad_extended,2,Friction converts heat into motion.,1,1.0,0.0,1.0,TP_hallucination_blocked,0.0859343409538269,0.2343085668981075,0.0,5.0,0.0859343409538269,0.1492566466331482,0.0283506400883197,0.0,0,0,0,0,0,0,0.0,0.0,1.0,0.0,0,0.0,0,0,0.0,0,0,,,,,noncopular_relation_clamp,0,1,0,0,1.0,1.0,0.0,0,0,0,1,0,0,,,,,,,,,,,
EXP16B_master_with_guarded_EXP18_patch,friction_heat_all_bad_extended,3,Rubbing surfaces remove all heat through friction.,1,1.0,0.0,1.0,TP_hallucination_blocked,0.3647884726524353,0.2343085668981075,1.0,4.0,0.5147884726524353,0.1492566466331482,0.0283506400883197,0.0473468303680419,0,0,0,0,0,1,0.0,0.0,0.0,0.0,1,0.0,1,0,0.0,0,0,,,,"all,remove",content_token_clamp|geometric_shock|literal_block,0,0,0,0,0.0,1.0,0.0,1,0,0,1,0,0,,,,,,,,,,,
EXP16B_master_with_guarded_EXP18_patch,friction_heat_all_bad_extended,4,Friction generates cold by destroying heat.,1,1.0,0.0,1.0,TP_hallucination_blocked,0.3059371411800384,0.2343085668981075,1.5,2.0,0.5309371411800384,0.1492566466331482,0.0283506400883197,0.0686680078506469,0,0,0,0,0,1,0.0,0.0,0.0,0.0,1,0.0,1,0,0.0,0,0,,,,"cold,destroying,generates",content_token_clamp|geometric_shock|literal_block,0,1,0,0,1.0,1.0,0.0,1,1,1,1,0,0,,,,,,,,,,,
EXP16B_master_with_guarded_EXP18_patch,mars_moons_all_bad_extended,0,"Mars has one moon, Phobos.",1,1.0,0.0,1.0,TP_hallucination_blocked,0.277057409286499,0.140945678576827,1.0,2.0,0.427057409286499,0.0847465991973877,0.0187330264598131,0.0,0,0,0,0,0,0,0.0,0.0,1.0,0.0,1,0.0,1,0,0.0,0,0,,,,"moon,one",geometric_shock|literal_block|noncopular_relation_clamp,0,1,0,0,1.0,1.0,0.0,1,1,1,1,0,0,,,,,,,,,,,
EXP16B_master_with_guarded_EXP18_patch,mars_moons_all_bad_extended,1,Mars has three moons.,1,1.0,0.0,1.0,TP_hallucination_blocked,0.5258126258850098,0.140945678576827,0.5,2.0,0.6008126258850097,0.0847465991973877,0.0187330264598131,0.0,0,0,0,0,0,0,0.0,0.0,1.0,0.0,1,0.0,0,0,0.0,0,0,,,,three,geometric_shock|noncopular_relation_clamp,0,1,0,0,1.0,1.0,0.0,1,1,1,1,0,0,,,,,,,,,,,
EXP16B_master_with_guarded_EXP18_patch,mars_moons_all_bad_extended,2,"Mars has two moons, Luna and Titan.",1,1.0,0.0,1.0,TP_hallucination_blocked,0.5943159461021423,0.140945678576827,4.0,3.0,1.1943159461021424,0.0847465991973877,0.0187330264598131,0.052310824394226,0,0,1,1,0,1,0.0,0.0,0.0,0.0,1,0.0,1,0,0.0,0,0,,,"Luna,Titan","luna,titan",content_token_clamp|entity_drift|geometric_shock|literal_block|protected_literal_drift,0,0,0,0,0.0,1.0,0.0,1,0,0,1,0,0,,,,,,,,,,,
EXP16B_master_with_guarded_EXP18_patch,mars_moons_all_bad_extended,3,The two moons of Mars are Europa and Io.,1,1.0,0.0,1.0,TP_hallucination_blocked,0.590993344783783,0.140945678576827,3.5,3.0,1.1159933447837829,0.0847465991973877,0.0187330264598131,0.0559151768684387,0,0,1,1,0,1,1.0,0.0,0.0,0.0,1,0.0,1,0,0.0,0,0,,,"Europa,Io",europa,content_token_clamp|copular_relation_clamp|entity_drift|geometric_shock|literal_block|protected_literal_drift,0,0,0,0,0.0,1.0,0.0,1,0,0,1,0,0,,,,,,,,,,,
EXP16B_master_with_guarded_EXP18_patch,mars_moons_all_bad_extended,4,Phobos and Deimos are the moons of Earth.,1,1.0,0.0,1.0,TP_hallucination_blocked,0.249929279088974,0.140945678576827,0.5,3.0,0.324929279088974,0.0847465991973877,0.0187330264598131,0.0,0,0,0,0,0,0,0.0,0.0,0.0,0.0,1,0.0,0,0,0.0,0,0,,,,earth,geometric_shock,0,0,0,0,0.0,1.0,0.0,1,0,0,1,0,0,,,,,,,,,,,
EXP16B_master_with_guarded_EXP18_patch,science_models_all_bad_extended,0,A successful model is automatically the final truth.,1,1.0,0.0,1.0,TP_hallucination_blocked,0.5875060558319092,1.083843231201172,0.0,5.0,0.5875060558319092,0.6137987971305847,0.156681478023529,0.0,0,0,0,0,1,0,1.0,0.0,0.0,0.0,0,0.0,0,0,0.0,0,0,,,,,copular_relation_clamp|overclaim,0,0,0,0,0.0,1.0,0.0,1,0,0,1,0,0,,,,,,,,,,,
EXP16B_master_with_guarded_EXP18_patch,science_models_all_bad_extended,1,Scientific models are never tested against observations.,1,1.0,0.0,1.0,TP_hallucination_blocked,0.7632074952125549,1.083843231201172,0.5,5.0,0.8382074952125549,0.6137987971305847,0.156681478023529,0.1924583911895752,0,0,0,0,1,1,0.0,0.0,0.0,0.0,0,0.0,0,1,0.0,0,0,,,,never,content_token_clamp|negated_positive_support|overclaim,0,0,0,0,0.0,1.0,0.0,1,0,0,1,0,0,,,,,,,,,,,
EXP16B_master_with_guarded_EXP18_patch,science_models_all_bad_extended,2,A model that matches evidence is complete reality.,1,1.0,0.0,1.0,TP_hallucination_blocked,0.4202569425106048,1.083843231201172,0.0,5.0,0.4202569425106048,0.6137987971305847,0.156681478023529,0.0,0,0,0,0,1,0,0.0,0.0,0.0,0.0,0,0.0,0,0,0.0,0,0,,,,,overclaim,0,0,0,0,0.0,1.0,0.0,1,0,0,1,0,0,,,,,,,,,,,
EXP16B_master_with_guarded_EXP18_patch,science_models_all_bad_extended,3,Scientific descriptions do not use measurements or predictions.,1,1.0,0.0,0.0,TP_hallucination_blocked,0.696054995059967,1.083843231201172,0.5,4.0,0.771054995059967,0.6137987971305847,0.156681478023529,0.0,0,0,0,0,0,0,0.0,0.0,0.0,0.0,0,0.0,0,1,0.0,0,0,,,,use,negated_positive_support,0,0,0,0,0.0,1.0,0.0,1,0,0,1,0,0,,,,,,,,,,,
EXP16B_master_with_guarded_EXP18_patch,science_models_all_bad_extended,4,Incomplete models cannot be useful.,1,1.0,0.0,1.0,TP_hallucination_blocked,0.7467308044433594,1.083843231201172,2.0,3.0,1.0467308044433594,0.6137987971305847,0.156681478023529,0.0579417943954467,0,0,1,1,0,1,0.0,0.0,0.0,0.0,0,0.0,1,0,0.0,0,0,,,Incomplete,cannot,content_token_clamp|entity_drift|literal_block|protected_literal_drift,0,0,0,0,0.0,1.0,0.0,1,0,0,1,0,0,,,,,,,,,,,
EXP16B_master_with_guarded_EXP18_patch,temperature_all_bad_extended,0,Normal human body temperature is 100 degrees Celsius.,1,1.0,0.0,1.0,TP_hallucination_blocked,0.2192841321229934,0.2120460122823715,2.5,4.0,0.5942841321229935,0.1235996335744857,0.0294821262359619,0.0684773027896881,1,0,0,1,0,1,0.0,0.0,0.0,0.0,1,0.0,1,0,0.0,0,0,100.0,,,100,content_token_clamp|geometric_shock|literal_block|number_drift|protected_literal_drift,0,0,0,0,0.0,1.0,0.0,1,0,0,1,0,0,,,,,,,,,,,
EXP16B_master_with_guarded_EXP18_patch,temperature_all_bad_extended,1,Normal human body temperature is 0 degrees Celsius.,1,1.0,0.0,1.0,TP_hallucination_blocked,0.3478704988956451,0.2120460122823715,2.5,4.0,0.7228704988956451,0.1235996335744857,0.0294821262359619,0.1900049448013305,1,0,0,1,0,1,0.0,0.0,0.0,0.0,1,0.0,1,0,0.0,0,0,0.0,,,0,content_token_clamp|geometric_shock|literal_block|number_drift|protected_literal_drift,0,0,0,0,0.0,1.0,0.0,1,0,0,1,0,0,,,,,,,,,,,
EXP16B_master_with_guarded_EXP18_patch,temperature_all_bad_extended,2,Normal human body temperature is 37 degrees Fahrenheit.,1,1.0,0.0,1.0,TP_hallucination_blocked,0.0758658051490783,0.2120460122823715,3.0,5.0,0.5258658051490783,0.1235996335744857,0.0294821262359619,0.0,0,1,1,1,0,0,0.0,0.0,0.0,0.0,0,0.0,1,0,0.0,0,0,,fahrenheit,Fahrenheit,,entity_drift|literal_block|protected_literal_drift|unit_drift,0,0,0,0,0.0,1.0,0.0,1,0,0,1,0,0,,,,,,,,,,,
EXP16B_master_with_guarded_EXP18_patch,temperature_all_bad_extended,3,Human body temperature is commonly described as near 200°C.,1,1.0,0.0,1.0,TP_hallucination_blocked,0.356557697057724,0.2120460122823715,2.5,3.0,0.731557697057724,0.1235996335744857,0.0294821262359619,0.0,1,0,0,1,0,0,0.0,0.0,0.0,0.0,1,0.0,1,0,0.0,0,0,200.0,,,200°c,geometric_shock|literal_block|number_drift|protected_literal_drift,0,0,0,0,0.0,1.0,0.0,1,0,0,1,0,0,,,,,,,,,,,
EXP16B_master_with_guarded_EXP18_patch,temperature_all_bad_extended,4,Normal body temperature never varies and is exactly 37°C.,1,1.0,0.0,1.0,TP_hallucination_blocked,0.4886578321456909,0.2120460122823715,0.5,5.0,0.5636578321456909,0.1235996335744857,0.0294821262359619,0.2660386562347412,0,0,0,0,1,1,0.0,0.0,0.0,0.0,1,0.0,0,0,0.0,0,0,,,,never,content_token_clamp|geometric_shock|overclaim,0,0,0,0,0.0,1.0,0.0,1,0,0,1,0,0,,,,,,,,,,,
EXP18_holdout_with_guarded_EXP18_patch,mercury_venus_orbit_mixed,0,Mercury orbits Earth.,1,,,,,0.3106209933757782,0.6711928546458681,0.0,,,0.3693558275699615,0.1006123423586355,,0,0,0,0,0,0,,,,,0,,0,0,,0,0,,,,,,0,1,0,0,,,,0,0,0,1,0,0,Check Mercury and Venus orbit relations.,1.0,1.0,0.0,1.0,0.0,1.0,0.0,1.0,1.0,0.0
EXP18_holdout_with_guarded_EXP18_patch,mercury_venus_orbit_mixed,1,Mercury orbits the Sun.,0,,,,,0.1838479042053222,0.6711928546458681,0.0,,,0.3693558275699615,0.1006123423586355,,0,0,0,0,0,0,,,,,0,,0,0,,1,1,,,,,,0,0,0,0,,,,0,0,0,0,1,0,Check Mercury and Venus orbit relations.,1.0,0.0,1.0,0.0,1.0,1.0,1.0,0.0,0.0,1.0
EXP18_holdout_with_guarded_EXP18_patch,mercury_venus_orbit_mixed,2,Venus orbits the Sun.,0,,,,,0.2112141698598861,0.6711928546458681,0.0,,,0.3693558275699615,0.1006123423586355,,0,0,0,0,0,0,,,,,0,,0,0,,1,1,,,,,,0,0,0,0,,,,0,0,0,0,1,0,Check Mercury and Venus orbit relations.,1.0,0.0,1.0,0.0,1.0,1.0,1.0,0.0,0.0,1.0
EXP18_holdout_with_guarded_EXP18_patch,mercury_venus_orbit_mixed,3,The Sun orbits Mercury.,1,,,,,0.1630483865737915,0.6711928546458681,0.0,,,0.3693558275699615,0.1006123423586355,,0,0,0,0,0,0,,,,,0,,0,0,,0,0,,,,,,1,1,0,0,,,,0,0,1,1,0,1,Check Mercury and Venus orbit relations.,1.0,0.0,1.0,0.0,0.0,1.0,0.0,1.0,1.0,0.0
EXP18_holdout_with_guarded_EXP18_patch,mercury_venus_orbit_mixed,4,The Moon orbits Venus.,1,,,,,0.32601198554039,0.6711928546458681,0.0,,,0.3693558275699615,0.1006123423586355,,0,0,0,0,0,0,,,,,0,,0,0,,0,0,,,,,,0,1,0,0,,,,0,0,0,1,0,0,Check Mercury and Venus orbit relations.,1.0,1.0,0.0,1.0,0.0,1.0,0.0,1.0,1.0,0.0
EXP18_holdout_with_guarded_EXP18_patch,blood_oxygen_transport_mixed,0,Blood carries oxygen using hemoglobin.,0,,,,,0.3337147235870361,0.9449962079554994,1.5,,,0.696430891752243,0.0828551054010854,,0,0,1,0,0,0,,,,,0,,0,0,,1,0,,,blood,,,0,0,0,0,,,,1,0,0,0,1,0,Check blood oxygen transport relations.,1.0,0.0,1.0,0.0,1.0,1.0,1.0,0.0,0.0,1.0
EXP18_holdout_with_guarded_EXP18_patch,blood_oxygen_transport_mixed,1,The lungs oxygenate blood.,0,,,,,0.2000017613172531,0.9449962079554994,0.5,,,0.696430891752243,0.0828551054010854,,0,0,0,0,0,0,,,,,0,,0,0,,1,0,,,,oxygenate,,0,0,0,0,,,,1,0,0,0,1,0,Check blood oxygen transport relations.,1.0,0.0,1.0,0.0,1.0,1.0,1.0,0.0,0.0,1.0
EXP18_holdout_with_guarded_EXP18_patch,blood_oxygen_transport_mixed,2,The stomach oxygenates blood.,1,,,,,0.5442219972610474,0.9449962079554994,1.0,,,0.696430891752243,0.0828551054010854,,0,0,0,0,0,0,,,,,0,,0,0,,0,0,,,,"oxygenat,stomach",,0,1,0,0,,,,1,1,1,1,0,0,Check blood oxygen transport relations.,1.0,1.0,0.0,1.0,0.0,1.0,0.0,1.0,1.0,0.0
EXP18_holdout_with_guarded_EXP18_patch,blood_oxygen_transport_mixed,3,The heart pumps air through the body.,1,,,,,0.523209273815155,0.9449962079554994,0.5,,,0.696430891752243,0.0828551054010854,,0,0,0,0,0,0,,,,,0,,0,0,,0,0,,,,air,,0,1,0,0,,,,1,1,1,1,0,0,Check blood oxygen transport relations.,1.0,1.0,0.0,1.0,0.0,1.0,0.0,1.0,1.0,0.0
EXP18_holdout_with_guarded_EXP18_patch,blood_oxygen_transport_mixed,4,Hemoglobin carries plastic.,1,,,,,0.8861086964607239,0.9449962079554994,2.0,,,0.696430891752243,0.0828551054010854,,0,0,1,1,0,1,,,,,0,,1,0,,0,0,,,hemoglobin,plastic,,0,1,0,0,,,,1,1,1,1,0,0,Check blood oxygen transport relations.,1.0,1.0,0.0,1.0,0.0,1.0,0.0,1.0,1.0,0.0
EXP18_holdout_with_guarded_EXP18_patch,electric_circuit_mixed,0,A closed circuit allows current to flow.,0,,,,,0.1713863760232925,1.3783669471770723,0.0,,,0.7090704143047333,0.2230988442907796,,0,0,0,0,0,0,,,,,0,,0,0,,1,0,,,,,,0,0,0,0,,,,0,0,0,0,1,0,Check simple circuit relations.,1.0,0.0,1.0,0.0,1.0,1.0,1.0,0.0,0.0,1.0
EXP18_holdout_with_guarded_EXP18_patch,electric_circuit_mixed,1,An open circuit allows continuous current to flow.,1,,,,,0.2471916377544403,1.3783669471770723,0.0,,,0.7090704143047333,0.2230988442907796,,0,0,0,0,0,0,,,,,0,,0,0,,0,0,,,,,,0,1,0,0,,,,0,0,0,1,0,0,Check simple circuit relations.,1.0,1.0,0.0,1.0,0.0,1.0,0.0,1.0,1.0,0.0
EXP18_holdout_with_guarded_EXP18_patch,electric_circuit_mixed,2,A battery provides voltage.,0,,,,,0.755465030670166,1.3783669471770723,0.0,,,0.7090704143047333,0.2230988442907796,,0,0,0,0,0,0,,,,,0,,0,0,,1,1,,,,,,0,0,0,0,,,,0,0,0,0,1,0,Check simple circuit relations.,1.0,0.0,1.0,0.0,1.0,1.0,1.0,0.0,0.0,1.0
EXP18_holdout_with_guarded_EXP18_patch,electric_circuit_mixed,3,An insulator improves current flow like a wire.,1,,,,,0.5591281056404114,1.3783669471770723,1.0,,,0.7090704143047333,0.2230988442907796,,0,0,0,0,0,0,,,,,0,,0,0,,0,0,,,,"improv,like,wire",,0,0,0,1,,,,1,0,1,1,0,1,Check simple circuit relations.,1.0,0.0,1.0,0.0,0.0,0.0,0.0,1.0,1.0,0.0
EXP18_holdout_with_guarded_EXP18_patch,electric_circuit_mixed,4,A broken circuit prevents continuous current flow.,0,,,,,0.4456402361392975,1.3783669471770723,0.5,,,0.7090704143047333,0.2230988442907796,,0,0,0,0,0,0,,,,,0,,0,0,,1,0,,,,broken,,0,0,0,0,,,,1,0,0,0,1,0,Check simple circuit relations.,1.0,0.0,1.0,0.0,1.0,1.0,1.0,0.0,0.0,1.0
EXP18_holdout_with_guarded_EXP18_patch,chemical_state_mixed,0,Water is liquid at room temperature.,0,,,,,0.2593540549278259,0.8306277990371187,0.0,,,0.6323959231376648,0.0660772919664846,,0,0,0,0,0,0,,,,,0,,0,0,,1,1,,,,,,0,0,0,0,,,,0,0,0,0,1,0,Check simple chemical state descriptions.,1.0,0.0,1.0,0.0,1.0,1.0,1.0,0.0,0.0,1.0
EXP18_holdout_with_guarded_EXP18_patch,chemical_state_mixed,1,Ice is a gas.,1,,,,,0.5820088386535645,0.8306277990371187,0.0,,,0.6323959231376648,0.0660772919664846,,0,0,0,0,0,0,,,,,0,,0,0,,0,0,,,,,,0,1,0,0,,,,0,0,0,1,0,0,Check simple chemical state descriptions.,1.0,1.0,0.0,1.0,0.0,1.0,0.0,1.0,1.0,0.0
EXP18_holdout_with_guarded_EXP18_patch,chemical_state_mixed,2,Steam is gaseous water.,0,,,,,0.417957991361618,0.8306277990371187,0.0,,,0.6323959231376648,0.0660772919664846,,0,0,0,0,0,0,,,,,0,,0,0,,1,0,,,,,,0,0,0,0,,,,0,0,0,0,1,0,Check simple chemical state descriptions.,1.0,0.0,1.0,0.0,1.0,1.0,1.0,0.0,0.0,1.0
EXP18_holdout_with_guarded_EXP18_patch,chemical_state_mixed,3,Steam is solid ice.,1,,,,,0.5283101201057434,0.8306277990371187,0.0,,,0.6323959231376648,0.0660772919664846,,0,0,0,0,0,0,,,,,0,,0,0,,0,0,,,,,,0,1,0,0,,,,0,0,0,1,0,0,Check simple chemical state descriptions.,1.0,1.0,0.0,1.0,0.0,1.0,0.0,1.0,1.0,0.0
EXP18_holdout_with_guarded_EXP18_patch,chemical_state_mixed,4,Ice is solid water.,0,,,,,0.4005235433578491,0.8306277990371187,0.0,,,0.6323959231376648,0.0660772919664846,,0,0,0,0,0,0,,,,,0,,0,0,,1,1,,,,,,0,0,0,0,,,,0,0,0,0,1,0,Check simple chemical state descriptions.,1.0,0.0,1.0,0.0,1.0,1.0,1.0,0.0,0.0,1.0
EXP18_holdout_with_guarded_EXP18_patch,sound_wave_mixed,0,Sound is a mechanical wave.,0,,,,,0.2513417601585388,1.1290008127719362,0.0,,,0.7253870964050293,0.1345379054556356,,0,0,0,0,0,0,,,,,0,,0,0,,1,1,,,,,,0,0,0,0,,,,0,0,0,0,1,0,Check sound-wave descriptions.,1.0,0.0,1.0,0.0,1.0,1.0,1.0,0.0,0.0,1.0
EXP18_holdout_with_guarded_EXP18_patch,sound_wave_mixed,1,Sound is an electromagnetic wave.,1,,,,,0.2558583617210388,1.1290008127719362,0.0,,,0.7253870964050293,0.1345379054556356,,0,0,0,0,0,0,,,,,0,,0,0,,0,0,,,,,,0,1,0,0,,,,0,0,0,1,0,0,Check sound-wave descriptions.,1.0,1.0,0.0,1.0,0.0,1.0,0.0,1.0,1.0,0.0
EXP18_holdout_with_guarded_EXP18_patch,sound_wave_mixed,2,Sound needs a material medium.,0,,,,,0.3939596712589264,1.1290008127719362,0.0,,,0.7253870964050293,0.1345379054556356,,0,0,0,0,0,0,,,,,0,,0,0,,1,0,,,,,,0,0,0,0,,,,0,0,0,0,1,0,Check sound-wave descriptions.,1.0,0.0,1.0,0.0,1.0,1.0,1.0,0.0,0.0,1.0
EXP18_holdout_with_guarded_EXP18_patch,sound_wave_mixed,3,A vacuum transmits ordinary sound.,1,,,,,0.4939593970775604,1.1290008127719362,0.0,,,0.7253870964050293,0.1345379054556356,,0,0,0,0,0,0,,,,,0,,0,0,,0,0,,,,,,0,1,0,0,,,,0,0,0,1,0,0,Check sound-wave descriptions.,1.0,1.0,0.0,1.0,0.0,1.0,0.0,1.0,1.0,0.0
EXP18_holdout_with_guarded_EXP18_patch,sound_wave_mixed,4,Light is an electromagnetic wave.,0,,,,,0.7235444188117981,1.1290008127719362,0.0,,,0.7253870964050293,0.1345379054556356,,0,0,0,0,0,0,,,,,0,,0,0,,1,1,,,,,,0,0,0,0,,,,0,0,0,0,1,0,Check sound-wave descriptions.,1.0,0.0,1.0,0.0,1.0,1.0,1.0,0.0,0.0,1.0
EXP18_holdout_with_guarded_EXP18_patch,astronomy_counts_all_bad,0,Earth has two moons.,1,,,,,0.2507449686527252,0.6491796672374208,0.0,,,0.5672233402729034,0.0273187756548391,,0,0,0,0,0,0,,,,,0,,0,0,,0,0,,,,,,0,1,0,0,,,,0,0,0,1,0,0,Block wrong moon-count claims.,0.0,1.0,0.0,1.0,0.0,1.0,0.0,1.0,1.0,0.0
EXP18_holdout_with_guarded_EXP18_patch,astronomy_counts_all_bad,1,Mars has one moon.,1,,,,,0.2636249363422394,0.6491796672374208,0.0,,,0.5672233402729034,0.0273187756548391,,0,0,0,0,0,0,,,,,0,,0,0,,0,0,,,,,,0,1,0,0,,,,0,0,0,1,0,0,Block wrong moon-count claims.,0.0,1.0,0.0,1.0,0.0,1.0,0.0,1.0,1.0,0.0
EXP18_holdout_with_guarded_EXP18_patch,astronomy_counts_all_bad,2,Jupiter has one moon.,1,,,,,0.2731072604656219,0.6491796672374208,0.0,,,0.5672233402729034,0.0273187756548391,,0,0,0,0,0,0,,,,,0,,0,0,,0,0,,,,,,0,1,0,0,,,,0,0,0,1,0,0,Block wrong moon-count claims.,0.0,1.0,0.0,1.0,0.0,1.0,0.0,1.0,1.0,0.0
EXP18_holdout_with_guarded_EXP18_patch,astronomy_counts_all_bad,3,Venus has two moons.,1,,,,,0.3543987274169922,0.6491796672374208,0.0,,,0.5672233402729034,0.0273187756548391,,0,0,0,0,0,0,,,,,0,,0,0,,0,0,,,,,,0,1,0,0,,,,0,0,0,1,0,0,Block wrong moon-count claims.,0.0,1.0,0.0,1.0,0.0,1.0,0.0,1.0,1.0,0.0
EXP18_holdout_with_guarded_EXP18_patch,astronomy_counts_all_bad,4,Mercury has three moons.,1,,,,,0.4654349088668823,0.6491796672374208,4.5,,,0.5672233402729034,0.0273187756548391,,1,0,1,1,0,1,,,,,0,,1,0,,0,0,3.0,,mercury,"3,mercury",,0,0,0,0,,,,1,0,0,1,0,0,Block wrong moon-count claims.,0.0,1.0,0.0,0.0,0.0,1.0,0.0,0.0,1.0,0.0
EXP18_holdout_with_guarded_EXP18_patch,biology_relations_all_bad,0,Chlorophyll contains chloroplasts.,1,,,,,0.5994758605957031,1.1660972833663423,1.5,,,0.9122217297554016,0.0846251845369802,,0,0,1,0,0,0,,,,,0,,0,0,,0,0,,,chlorophyll,,,1,1,0,0,,,,1,1,1,1,0,1,Block wrong cell-biology relations.,0.0,0.0,1.0,0.0,0.0,1.0,0.0,1.0,1.0,0.0
EXP18_holdout_with_guarded_EXP18_patch,biology_relations_all_bad,1,ATP produces mitochondria.,1,,,,,0.4676829278469085,1.1660972833663423,0.5,,,0.9122217297554016,0.0846251845369802,,0,0,0,0,0,0,,,,,0,,0,0,,0,0,,,,produc,,1,1,0,0,,,,1,1,1,1,0,1,Block wrong cell-biology relations.,0.0,0.0,1.0,0.0,0.0,1.0,0.0,1.0,1.0,0.0
EXP18_holdout_with_guarded_EXP18_patch,biology_relations_all_bad,2,DNA contains the nucleus.,1,,,,,0.4240170419216156,1.1660972833663423,0.0,,,0.9122217297554016,0.0846251845369802,,0,0,0,0,0,0,,,,,0,,0,0,,0,0,,,,,,1,1,0,0,,,,0,0,1,1,0,1,Block wrong cell-biology relations.,0.0,0.0,1.0,0.0,0.0,1.0,0.0,1.0,1.0,0.0
EXP18_holdout_with_guarded_EXP18_patch,biology_relations_all_bad,3,Ribosomes make oxygen.,1,,,,,0.5934249758720398,1.1660972833663423,0.5,,,0.9122217297554016,0.0846251845369802,,0,0,0,0,0,0,,,,,0,,0,0,,0,0,,,,oxygen,,0,1,0,0,,,,1,1,1,1,0,0,Block wrong cell-biology relations.,0.0,1.0,0.0,1.0,0.0,1.0,0.0,1.0,1.0,0.0
EXP18_holdout_with_guarded_EXP18_patch,biology_relations_all_bad,4,Mitochondria contain keyboards.,1,,,,,0.6874826550483704,1.1660972833663423,0.5,,,0.9122217297554016,0.0846251845369802,,0,0,0,0,0,0,,,,,0,,0,0,,0,0,,,,keyboard,,0,1,0,0,,,,1,1,1,1,0,1,Block wrong cell-biology relations.,0.0,0.0,1.0,0.0,0.0,1.0,0.0,1.0,1.0,0.0
EXP18_holdout_with_guarded_EXP18_patch,historical_date_all_bad,0,Magna Carta was signed in 1066.,1,,,,,0.4820146560668945,1.1235299706489046,0.0,,,1.1022899150848389,0.0070800185213552,,0,0,0,0,0,0,,,,,0,,0,0,,0,0,,,,,,0,0,1,0,,,,0,0,1,1,0,1,Block wrong historical date relations against the supplied reference box.,0.0,0.0,1.0,0.0,0.0,0.0,0.0,1.0,1.0,0.0
EXP18_holdout_with_guarded_EXP18_patch,historical_date_all_bad,1,The Battle of Hastings occurred in 1215.,1,,,,,0.5897336602210999,1.1235299706489046,0.0,,,1.1022899150848389,0.0070800185213552,,0,0,0,0,0,0,,,,,0,,0,0,,0,0,,,,,,0,0,1,0,,,,0,0,1,1,0,1,Block wrong historical date relations against the supplied reference box.,0.0,0.0,1.0,0.0,0.0,0.0,0.0,1.0,1.0,0.0
EXP18_holdout_with_guarded_EXP18_patch,historical_date_all_bad,2,The Declaration of Independence was adopted in 1969.,1,,,,,0.6829639077186584,1.1235299706489046,0.0,,,1.1022899150848389,0.0070800185213552,,0,0,0,0,0,0,,,,,0,,0,0,,0,0,,,,,,0,0,1,0,,,,0,0,1,1,0,1,Block wrong historical date relations against the supplied reference box.,0.0,0.0,1.0,0.0,0.0,0.0,0.0,1.0,1.0,0.0
EXP18_holdout_with_guarded_EXP18_patch,historical_date_all_bad,3,Apollo 11 landed on the Moon in 1776.,1,,,,,0.5460644960403442,1.1235299706489046,0.0,,,1.1022899150848389,0.0070800185213552,,0,0,0,0,0,0,,,,,0,,0,0,,0,0,,,,,,0,0,1,0,,,,0,0,1,1,0,1,Block wrong historical date relations against the supplied reference box.,0.0,0.0,1.0,0.0,0.0,0.0,0.0,1.0,1.0,0.0
EXP18_holdout_with_guarded_EXP18_patch,historical_date_all_bad,4,Magna Carta was signed in 1969.,1,,,,,0.5672823786735535,1.1235299706489046,0.0,,,1.1022899150848389,0.0070800185213552,,0,0,0,0,0,0,,,,,0,,0,0,,0,0,,,,,,0,0,1,0,,,,0,0,1,1,0,1,Block wrong historical date relations against the supplied reference box.,0.0,0.0,1.0,0.0,0.0,0.0,0.0,1.0,1.0,0.0
EXP18_holdout_with_guarded_EXP18_patch,unseen_valid_paraphrase_control,0,Mercury goes around the Sun.,0,,,,,0.7095491290092468,1.1710631847411592,0.5,,,1.0848026275634766,0.0287535190592275,,0,0,0,0,0,0,,,,,0,,0,0,,1,0,,,,goes,,0,0,0,0,,,,1,0,0,0,1,0,Valid paraphrase controls for unseen boxes.,1.0,0.0,1.0,0.0,1.0,1.0,1.0,0.0,0.0,1.0
EXP18_holdout_with_guarded_EXP18_patch,unseen_valid_paraphrase_control,1,A battery provides voltage.,0,,,,,0.6856629848480225,1.1710631847411592,0.0,,,1.0848026275634766,0.0287535190592275,,0,0,0,0,0,0,,,,,0,,0,0,,1,1,,,,,,0,0,0,0,,,,0,0,0,0,1,0,Valid paraphrase controls for unseen boxes.,1.0,0.0,1.0,0.0,1.0,1.0,1.0,0.0,0.0,1.0
EXP18_holdout_with_guarded_EXP18_patch,unseen_valid_paraphrase_control,2,Sound is a mechanical wave.,0,,,,,0.7133849263191223,1.1710631847411592,0.0,,,1.0848026275634766,0.0287535190592275,,0,0,0,0,0,0,,,,,0,,0,0,,1,1,,,,,,0,0,0,0,,,,0,0,0,0,1,0,Valid paraphrase controls for unseen boxes.,1.0,0.0,1.0,0.0,1.0,1.0,1.0,0.0,0.0,1.0
EXP18_holdout_with_guarded_EXP18_patch,unseen_valid_paraphrase_control,3,The nucleus contains DNA.,0,,,,,0.6544350981712341,1.1710631847411592,0.0,,,1.0848026275634766,0.0287535190592275,,0,0,0,0,0,0,,,,,0,,0,0,,1,1,,,,,,0,0,0,0,,,,0,0,0,0,1,0,Valid paraphrase controls for unseen boxes.,1.0,0.0,1.0,0.0,1.0,1.0,1.0,0.0,0.0,1.0
EXP18_holdout_with_guarded_EXP18_patch,unseen_valid_paraphrase_control,4,Water is liquid at room temperature.,0,,,,,0.7463347315788269,1.1710631847411592,0.0,,,1.0848026275634766,0.0287535190592275,,0,0,0,0,0,0,,,,,0,,0,0,,1,1,,,,,,0,0,0,0,,,,0,0,0,0,1,0,Valid paraphrase controls for unseen boxes.,1.0,0.0,1.0,0.0,1.0,1.0,1.0,0.0,0.0,1.0
EXP18_holdout_with_guarded_EXP18_patch,hard_negated_positive_support_all_bad,0,Sound does not need a material medium to travel.,1,,,,,0.756592869758606,1.2487863302260835,0.5,,,1.1867200136184692,0.020688772202538,,0,0,0,0,0,0,,,,,0,,0,1,,1,0,,,,need,,0,0,0,0,,,,1,0,0,1,0,0,Block unsupported negation of positive reference support.,0.0,1.0,0.0,0.0,0.0,1.0,1.0,0.0,1.0,0.0
EXP18_holdout_with_guarded_EXP18_patch,hard_negated_positive_support_all_bad,1,An open circuit does not prevent current flow.,1,,,,,0.8697221279144287,1.2487863302260835,0.0,,,1.1867200136184692,0.020688772202538,,0,0,0,0,0,0,,,,,0,,0,1,,1,0,,,,,,0,0,0,0,,,,0,0,0,1,0,0,Block unsupported negation of positive reference support.,0.0,1.0,0.0,0.0,0.0,1.0,1.0,0.0,1.0,0.0
EXP18_holdout_with_guarded_EXP18_patch,hard_negated_positive_support_all_bad,2,Water is not liquid at room temperature.,1,,,,,0.7494301199913025,1.2487863302260835,0.0,,,1.1867200136184692,0.020688772202538,,0,0,0,0,0,0,,,,,0,,0,1,,1,0,,,,,,0,0,0,0,,,,0,0,0,1,0,0,Block unsupported negation of positive reference support.,0.0,1.0,0.0,0.0,0.0,1.0,1.0,0.0,1.0,0.0
EXP18_holdout_with_guarded_EXP18_patch,hard_negated_positive_support_all_bad,3,The lungs do not add oxygen to blood.,1,,,,,0.8339546322822571,1.2487863302260835,0.0,,,1.1867200136184692,0.020688772202538,,0,0,0,0,0,0,,,,,0,,0,1,,1,0,,,,,,0,0,0,0,,,,0,0,0,1,0,0,Block unsupported negation of positive reference support.,0.0,1.0,0.0,0.0,0.0,1.0,1.0,0.0,1.0,0.0
EXP18_holdout_with_guarded_EXP18_patch,hard_negated_positive_support_all_bad,4,Scientific measurements do not support model testing.,1,,,,,0.9163483381271362,1.2487863302260835,0.0,,,1.1867200136184692,0.020688772202538,,0,0,0,0,0,0,,,,,0,,0,1,,0,0,,,,,,0,0,0,0,,,,0,0,0,1,0,0,Block unsupported negation of positive reference support.,0.0,1.0,0.0,0.0,0.0,0.0,0.0,0.0,1.0,0.0
